repository,engineered
kiranbandi/cbd-dashboard-ui,1
b2wads/grimorio-ui,1
idena-network/idena-desktop,1
L5vD5/filledbottle_admin,1
luisivan/blog,1
rand256/valetudo,1
seungdols/seungdols.dev,1
ehmicky/test-each,0
vpython/glowscript,1
lannonbr/gatsby-github-stats,0
reactjs/hu.reactjs.org,1
hive-engine/nitrous,1
SAP/fundamental-styles,1
grommet/grommet-designer,1
phil-r/stats,1
videomark/videomark,0
airswap/AirSwap.js,1
wordproof/wordproof-timestamp,1
JuanIrache/gopro-telemetry,1
themeum/qubely,1
linode/developers,1
SparkEdUAB/sparked-server,1
zhaoolee/ChineseBQB,0
mobxjs/mst-gql,1
poanetwork/tokenbridge,1
binary-com/deriv-app,1
RedHatInsights/frontend-components,1
rage/concepts,1
CodyJasonBennett/portfolio,1
replicatedhq/kotsadm,1
gab-ai-inc/defiant-browser,1
tacoinfra/developers.tezos.com,1
voluntarily/vly2,1
reactjs/ca.reactjs.org,1
boxcrittersmods/bc-mod-api,1
jpvalery/pricingpages,1
HumanRightsMeasurementInitiative/hrmi-dataportal,1
reactjs/mn.reactjs.org,1
Terralego/terra-front,1
yafp/ttth,1
incognitochain/incognito-wallet,0
DeyLak/redux-restify,1
piraces/gatsby-blog,1
biuuu/ShinyColors,1
linonetwo/wiki,0
aws-amplify/community,1
ikrima/gamedevguide,0
adobe/alloy,1
thirdandgrove/thirdandgrove-com-gatsby,1
jhwohlgemuth/tomo-cli,1
brave/ethereum-remote-client,1
casual-simulation/casualos,1
carbon-design-system/gatsby-theme-carbon,1
Androz2091/AtlantaBot,1
codeforpdx/dwellingly-app,0
syncpoint/ODIN,0
ministryofjustice/hmpps-book-secure-move-frontend,1
offen/offen,1
w3f/polkadot-deployer,1
telerik/blazor-docs,0
codeforamerica/BEAR,1
mysterycommand/parcel-plugin-wasm-pack,1
UKHomeOffice/ref-data-api,1
LIu-FengMing/codegame-,1
zebrunner/reporting-ui,1
Skyscanner/backpack-docs,0
react-native-mapbox-gl/maps,1
dekdevy/hordes-loc,1
accordproject/cicero-ui,1
pegasystems/uplus-wss,1
destegabry/motoviaggiatori,0
tektoncd/dashboard,1
SofthouseVxo/Education,1
HathorNetwork/hathor-wallet,1
spring-io/dataflow.spring.io,1
puncsky/typescript-react-lib-starter,1
Conflux-Chain/conflux-scan,1
upenn-libraries/discovery-app,1
glin/reactable,1
hktrpg/TG.line.Discord.Roll.Bot,1
hackaru-app/hackaru-web,1
rehandalal/identemoji.js,1
shuart/ephemeris,1
quasarframework/quasar-ui-qmarkdown,1
sync/hackerz,1
odoo/owl,1
egurinko/envision,0
MattCardona/MovieDB,0
ResultadosDigitais/matrix,1
BigDataBoutique/ElastiQuill,1
wanbo-chain/h2-elements,1
fatchan/jschan,1
leoding86/webextension-pixiv-toolkit,0
react-native-tvos/react-native-tvos,1
opt-out-tools/opt-out,1
districtr/districtr,1
things-factory/shell,1
aaronguostudio/learning,0
MrDemonWolf/share,1
prefeiturasp/SME-Terceirizadas-Frontend,1
theNorstroem/FuroBaseComponents,1
rainbow-me/rainbow,1
jpazureid/blog,0
blackflux/object-treeify,1
progedu/forum-ranking,0
tvjsx/trading-vue-js,0
podlove/podlove-ui,1
the-labo/the,1
ember-codemods/ember-angle-brackets-codemod,1
HardlyDifficult/ethgc,1
LeedsJS/website,1
brainstormforce/ultimate-addons-for-gutenberg,1
TryGhost/Members,1
jibin2706/jibin.tech,0
LabKey/platform,1
reactjs/ka.reactjs.org,1
ckeditor/ckeditor5-mention,1
milieuinfo/webcomponent-vl-ui-checkbox,0
not-a-bank/open-banking-tracker-data,1
blockparty-sh/slp-explorer,0
shunwuyu/lesson_md,0
amits97/naadan-chords,0
SAP/spartacus-storefront-builds,0
blackflux/smart-fs,1
WTTJ/welcome-ui,1
scandipwa/scandipwa,1
HQ20/soldoc,1
ticlo/rc-dock,1
reactjs/th.reactjs.org,1
gymnasium/gym-front-end,1
ehmicky/gulp-execa,1
Samsung/TAU,1
BrightspaceUI/core,1
bcgov/landuseplanning-api,1
typpo/quickchart,1
steedos/steedos-platform,1
Yoast/javascript,1
F5Networks/f5-telemetry-streaming,1
jsxcad/JSxCAD,1
reactjs/sv.reactjs.org,1
Rult/sbot,1
velabikes/vela-store,0
puncsky/typescript-starter,0
bcye/Hello-Goodbye,1
SuperMap/vue-iclient,1
MixinNetwork/desktop-app,0
codypearce/material-bread,1
zilpay/zil-pay,1
reactjs/ur.reactjs.org,1
ehmicky/keep-func-props,0
projectcaluma/ember-caluma,1
uc-cdis/guppy,1
reactjs/te.reactjs.org,1
mbifulco/blog,1
george-aidonidis/generator-gemod,1
MLH/mlh-localhost-github,1
reactjs/gu.reactjs.org,1
sbardian/gatsby-plugin-breadcrumb,0
viz-centric/flair-bi,1
viz-centric/flair-notifications,1
theDavidBarton/puppeteer-daily-menu-scraper,1
drzzle-app/picazzo,1
miragejs/miragejs,1
incognitochain/incognito-chain-web-js,0
react-native-community/rn-diff-purge,1
wagerfield/nuxt-stack,1
linthtml/linthtml,1
AdguardTeam/Scriptlets,1
RedHatInsights/tower-analytics-frontend,1
LekoArts/gatsby-starter-portfolio-jodie,1
patheard/cucumber-puppeteer,1
nextcloud/viewer,1
City-of-Helsinki/servicemap-ui,1
strapi/foodadvisor,1
team-friendo/signalboost,1
nextcloud/privacy,1
PODEntender/dona-fifi,0
caffeinum/upme-plus,1
ClarkSource/eslint-config,1
collabere/collabere,1
near/near-cli,1
sencha/ext-web-components,1
qiufeihong2018/vuepress-blog,0
reactjs/ne.reactjs.org,1
ros-av/cli,1
infinitered/nsfwjs,1
reactjs/tr.reactjs.org,1
reactjs/si.reactjs.org,1
reactjs/it.reactjs.org,1
den19980107/nkust-online-study,1
SocialGouv/code-du-travail-backoffice,1
goabstract/Awesome-Design-Tools,1
Koenkk/zigbee2mqtt.io,1
GetStream/stream-chat-react,1
reactjs/bn.reactjs.org,1
indsante/Documentation-SNDS,1
janeadams/storywrangler,1
reactjs/uk.reactjs.org,1
nullworks/accgen-web,1
valueflows/vf-graphql,1
mojaloop/documentation,1
reactjs/ar.reactjs.org,1
reactjs/hi.reactjs.org,1
reactjs/pl.reactjs.org,1
reactjs/uz.reactjs.org,1
reactjs/de.reactjs.org,1
kiwiirc/kiwibnc,1
reactjs/he.reactjs.org,1
campuslightbox/Campus-Lightbox,0
OvidijusParsiunas/myvision,1
reactjs/fa.reactjs.org,1
reactjs/ml.reactjs.org,1
reactjs/nl.reactjs.org,1
blobfysh/Lootcord,1
nearform/graphql-hooks,1
reactjs/pt-BR.reactjs.org,1
reactjs/zh-hant.reactjs.org,1
zhaoolee/ChromeAppHeroes,1
reactjs/ru.reactjs.org,1
reactjs/ko.reactjs.org,1
reactjs/id.reactjs.org,1
reactjs/fr.reactjs.org,1
reactjs/vi.reactjs.org,1
reactjs/az.reactjs.org,1
UWindsorCSS/hub,0
shiyu3169/ulem,0
getferdi/ferdi,1
datorama/app-components,0
reactjs/reactjs.org-translation,1
Coding-Coach/find-a-mentor,1
vzhou842/victorzhou.com,1
refugies-info/karfur,1
MagnumOpuses/jobtechdev.se,0
Jahia/content-editor,1
davidedantonio/create-fastify-app,1
ezra-project/ezra-project,1
saiichihashimoto/lint-my-app,1
internetarchive/iaux,1
SocialGouv/emjpm,1
halfnelson/svelte-native,1
reactjs/zh-hans.reactjs.org,1
reactjs/es.reactjs.org,1
creativecolab/dynamic,0
reactjs/ja.reactjs.org,1
dyatko/arkit,1
indexexchange/ix-library-adapters,1
qlik-oss/nebula.js,1
politics-rewired/Spoke,1
ioBroker/testing,1
statisticspoland/sdg-indicators-pl,1
strapi/buffet,1
abramenal/cypress-file-upload,1
googleads/publisher-ads-lighthouse-plugin,1
formium/tsdx,1
SAP/ui5-webcomponents,1
algenty/grafana-flowcharting,1
ventureum/Chainsfr,1
hpi-schul-cloud/end-to-end-tests,1
ehmicky/portable-files,0
ehmicky/cross-platform-node-guide,0
GoodDollar/GoodDAPP,1
ForceManager/hoi-poi-ui,1
nextcloud/recommendations,1
mariosant/imm,1
barbalex/vermehrung,1
ocius/website,1
athomasoriginal/blog,1
didi/chameleon,1
near/near-wallet,1
brentonhouse/titanium-turbo,1
retainful/site,1
wmfs/cardscript-to-quasar,1
RedHatInsights/drift-frontend,1
RecallGraph/RecallGraph,1
guiyep/react-select-virtualized,0
JaeYeopHan/JBEE.io,1
concave-org/concave,1
brown-ccv/ccv-website,0
OpenZWave/Zwave2Mqtt,1
beaverbuilder/assistant,1
GoodDollar/GoodServer,1
uclaacm/TeachLAFrontend,1
protectwise/troika,1
urbit/bridge,1
mdyna/mdyna-app,0
inrupt/generator-solid-react,1
istreamlabs/pebble,1
brianlovin/security-checklist,1
wirecard/merchant-documentation-gateway,1
fredwu/fredwu.me-v3,0
rmuif/web,1
WebReflection/lighterhtml,1
BryanAdamss/vue-awesome-template,1
gnosis/conditional-markets-interface,0
magarcia/magarcia.io,1
bitfinexcom/bfx-reports-framework,1
sanity-io/sanity-template-gatsby-blog,0
geops/react-spatial,1
erykpiast/webpack-stats-explorer,1
citahub/citahub-docs,1
edehr/edehr,1
tfedor/AugmentedSteam,1
podium-lib/layout,1
felixbrucker/foxy-proxy,1
podium-lib/client,1
eugelogic/hlcchl-gatsby,1
TaleLin/lin-ui,1
ardov/zerro,0
podium-lib/podlet,1
catho/quantum,1
sillvva/rpg-schedule,1
ArcBlock/forge-js,1
dhis2/cli,1
cats-oss/eslint-config-abema,1
accordproject/markdown-editor,1
BootcampersCollective/Coders-Workshop,1
nervosnetwork/ckb-sdk-js,1
MoeraOrg/moera-client-react,0
betagouv/pop,0
StraboSpot/StraboSpot-Mobile,1
project-slippi/slippi-desktop-app,1
stephencweiss/stephencharlesweiss.com,1
jellyfin/jellyfin-web,1
liferay/liferay-npm-tools,1
ryelle/rmb-recipe-block,0
AdExNetwork/adex-market,0
browniebroke/gatsby-image-gallery,1
near/docs,1
maxboeck/mxb,0
kyleshevlin/blog,0
kellyselden/boilerplate-update,1
AnandChowdhary/hello-bar,1
mike-north/ember-monaco,1
graphfoundation/ongdb-browser,1
desktopofsamuel/portfolio,0
zombieFox/nightTab,1
FEMessage/el-form-renderer,1
vulturno/vulturno,1
wubaiqing/zaobao,1
CodeTanzania/emis-api-states,1
sanusart/react-dropdown-select,1
MaslowCNC/Maslow-Create,0
cfug/dart.cn,1
PlatONnetwork/client-sdk-js,1
edx/frontend-app-publisher,1
bcgov/eagle-api,1
F5Networks/f5-declarative-onboarding,1
imvetri/ui-editor,1
derkonzert/dk3,1
taozhi8833998/node-sql-parser,1
ehmicky/unix-permissions,1
HugoGresse/open-feedback,1
likecoin/likecoin-api-public,0
dpteam/Yamus,1
hycdes/GFTool,1
ronggang/PT-Plugin-Plus,1
leerob/leerob.io,1
taskcluster/taskcluster,1
ehmicky/validate-path,0
iotaledger/documentation,0
Skyscanner/backpack-react-native,1
hpi-schul-cloud/nuxt-client,1
gsanta/cemeteryjs,1
postmanlabs/openapi-to-postman,1
carbon-design-system/carbon-addons-iot-react,1
paypal/paypal-smart-payment-buttons,1
ministryofjustice/offender-categorisation,0
JennerChen/zq-blog,1
nib-edit/Nib,1
FPGAwars/Collection-Jedi,1
fisker/promisify-file-reader,1
oacore/next,1
ehmicky/get-sourcemaps,0
rob-balfre/svelte-select,1
zellwk/zellwk.com,0
FundacionParaguaya/stoplight-web,1
tmptrash/irma,1
LincolnSteinLab/gdc-viewer,1
cruise-automation/webviz,1
lykmapipo/mongoose-common,1
pmotschmann/Evolve,0
unchainedshop/unchained,1
santiment/app,1
didi/mpx,0
santiment/san-ui,0
w3c/cg-monitor,0
SPLA/VARIAMOS-WEB,1
dnp1204/daily-code-challenge,0
sbardian/react-alerts-plus,1
AIcrowd/AIcrowd,1
Workiva/ixbrl-viewer,1
dumberjs/dumber,1
xs9627/feedpop,0
datacamp/design-system,0
zhangymPerson/learning-notes,1
FromDoppler/doppler-webapp,1
aurora-digital/auroradigital.co,1
cncf/landscapeapp,1
xeokit/xeokit-sdk,0
zonkyio/ember-web-app,1
rooseveltframework/source-configs,1
OpenZeppelin/openzeppelin-test-helpers,1
coderaiser/putout,1
DDDEastMidlandsLimited/dddem-web,1
flutterchina/flutter-in-action,0
moneybutton/bsv,1
makerdao/mcd-cdp-portal,1
OpenChargingCloud/ChargyDesktopApp,1
SlimIO/CLI,1
torusresearch/torus-website,1
near/near-contract-helper,1
endpass/endpass-core,0
adobe/helix-logging,1
kartverket/Geonorge.Kartkatalog.React,1
AztecProtocol/AZTEC,1
homeday-de/homeday-blocks,1
kellyselden/create-react-app-updater,1
arlodesign/sketchbook,0
wbbly/time,1
cylc/cylc-ui,1
AdExNetwork/adex-validator,0
sharetribe/flex-docs,1
Waiviogit/waivio-api,1
konnectors/engie,1
apollographql/gatsby-theme-apollo,0
bufferapp/ui,1
bigbluebutton/bbb-webrtc-sfu,1
CultureHQ/charts,1
MaayanLab/signature-commons-ui,1
CityofToronto/bdit_flashcrow,1
Differential/willow-creek,1
mind-respect/client,1
715209/nginx-obs-automatic-low-bitrate-switching,1
ampproject/amp-github-apps,1
andreafalzetti/node-fatturazione-elettronica-aruba,1
sifive/duh,0
Tradeshift/elements,1
aimementoring/blueprint,1
iptv-org/iptv,1
mdn/stumptown-content,1
totaljs/code,1
daostack/migration,1
saturn-network/assets,0
oxygenhq/oxygen-ide,1
miume/jc-web,0
ONSdigital/eq-author-app,1
welldone-software/why-did-you-render,1
Blockstream/esplora,1
gonghaima/leetcode,0
base-cms/base-cms,1
hodgef/js-library-boilerplate,1
popcorn-nantes/popcorn-nantes,0
datawrapper/api,0
brillout/wildcard-api,1
storybookjs/frontpage,1
poanetwork/posdao-contracts,1
oceanprotocol/docs,1
ckeditor/ckeditor5-ckfinder,1
CyberCRI/learn-ext,1
yyyu200/DFTbook,1
junkurihara/cascade,1
panva/jose,0
ovsoinc/nile.chat,1
mike-north/ember-qunit-snapshots,1
NYPL/sfr-bookfinder-front-end,1
lino-framework/react,1
ecarlstrom/discordbot,0
katai5plate/RPGMV-CoreScript-Reference,1
MikaelMayer/Editor,1
harvard-edtech/caccl,1
smeup/ketchup,1
burningmantech/ranger-clubhouse-web,1
ArchiCroc/pup-plus,1
dsheiko/puppetry,1
justjavac/v8.js.cn,1
folio-org/ui-marccat,1
alibaba/butterfly,1
CalvinVon/dalao-proxy,1
CodeTanzania/emis-api-client,1
tecsinapse/ui-kit,1
scriptex/react-svg-donuts,1
ovh/manager,1
HNScan/HNScan,0
serverless/enterprise-plugin,1
amclin/aem-packager,1
35mmjs/Bookstore,0
dnbexperience/eufemia,1
Waiviogit/waivio,1
madlabsinc/teachcode,1
dailydotdev/daily-apps,1
dwp/govuk-casa,1
sharathchandramg/react-native-formo,0
tomochain/tomox-sdk-ui,1
wu-yu-xuan/blog.mscorlib.top,1
monero-ecosystem/monero-javascript,1
Bnei-Baruch/galaxy3,0
adobe/helix-shared,1
carbon-design-system/carbon-components-vue,1
Laboralphy/o876-raycaster-engine,1
MoTrPAC/motrpac-frontend,1
TylerBarnes/gatsby-plugin-transition-link,0
paulrobertlloyd/paulrobertlloyd-v4,0
opentargets/platform-app,1
rdmtc/node-red-contrib-sun-position,0
kmdtmyk/vue-fields,1
Wandalen/willbe,1
galnir/Master-Bot,0
RedHatInsights/catalog-ui,1
Wicklets/wick-editor,0
CircuitVerse/CircuitVerse,1
CatalysmsServerManager/7-days-to-die-server-manager,1
tera-proxy/tera-proxy,1
ianwalter/vuex-reset,1
seatsio/seatsio-js,1
RaimondB/node-red-contrib-daylight-rgbw,1
BrightspaceHypermediaComponents/activities,1
ehmicky/log-process-errors,1
IBM/openapi-validator,1
kalisio/kano,1
broadinstitute/orsp-pub,1
ZcashFoundation/zecwallet,1
reststate/reststate-vuex,1
hexonet/whmcs-ispapi-domainchecker,1
jjallaire/draftpod,0
TankerHQ/sdk-js,1
foretold-app/foretold,1
PDFTron/webviewer-ui,1
zhw2590582/ArtPlayer,1
XiaoMi/hiui,1
mazipan/hello-open-source,1
ehmicky/eslint-config,1
3box/3box-pinning-node,1
RedHatInsights/compliance-frontend,1
hull/hull-connectors,1
dulibrarytech/digitaldu-frontend,1
lttb/reshadow,1
Emurgo/yoroi-mobile,1
m1nl/pompa,0
medialab/website,1
nycmeshnet/node-db,1
sidelux/TelegramBots,0
mlibrary/lib.umich.edu,0
mongodb/snooty,0
bulib/bulib-wc,1
mtgjson/mtgjson-website,1
binogure-studio/city-game-studio-i18n,0
sQVe/30s,1
zkochan/packages,1
sQVe/30-seconds-of-code-ultisnips,1
tera-toolbox/tera-toolbox,0
qlik-oss/catwalk,1
adeo/mozaic-design-system,0
tera-toolbox/tera-data,0
tailwindtoolbox/TailwindToolbox,1
arlac77/npm-pkgbuild,1
CatchRelease/arbor,1
inaturalist/SeekReactNative,1
uoft-tapp/tapp,1
0xTracker/0x-tracker-client,1
g1st/do-next,0
xyteam/AutoBDD,1
LD4P/sinopia_profile_editor,1
Haehnchen/crypto-trading-bot,1
elmsln/lrnwebcomponents,1
forbole/big-dipper,1
solana-labs/example-tictactoe,1
lhncbc/lforms-fhir-app,1
textkernel/oneui,1
twilio/twilio-cli,1
ProcessMaker/modeler,1
bhovhannes/redux-profiler,1
mbnuqw/sidebery,1
Googer/Professor-Pine,1
JustArchiNET/ASF-WebConfigGenerator,1
GSA/touchpoints,1
testing-library/user-event,1
universoimpulso/atena,1
lifion/lifion-kinesis,1
hidoo/gulp-project,1
damian-pastorini/reldens,1
UCloud-FE/react-components,1
LD4P/sinopia_editor,1
EdgeApp/edge-currency-accountbased,1
LeonErath/Website,0
AdguardTeam/AdGuardForSafari,1
opencollective/opencollective-images,1
adobe/probot-serverless-openwhisk,1
ioBroker/ioBroker.iot,1
PolymathNetwork/polymath-apps,1
CSSSR/csssr.com,1
navikt/fpsak-frontend,1
cube-js/cube.js,1
codyogden/killedbygoogle,1
open-wc/open-wc,1
zachowj/node-red-contrib-home-assistant-websocket,1
GSA/code-gov-front-end,1
ustaxcourt/ef-cms,1
SilentNotaryEcosystem/Cil-core,0
vtex-apps/store-header,1
bcgov/devhub-app-web,1
SUI-Components/adevinta-spain-components,1
fortinet/fortigate-autoscale,1
GoogleChrome/web.dev,1
kalkih/mini-media-player,1
bbc/psammead,1
TarsCloud/TarsWeb,1
streamr-dev/broker,1
keyboardio/Chrysalis,1
lannonbr/vscode-issue-tracker,1
smoketurner/serverless-vpc-plugin,1
blockchain-certificates/blockcerts-verifier,1
infossm/infossm.github.io,0
maxjeffwell/full-stack-capstone-client,1
goabstract/abstract-sdk,1
qonto/ember-phone-input,1
0xTracker/0x-tracker-api,1
csumb/csumb-gatsby,0
bierteam/drinkn,0
patrikx3/redis-ui,1
jamesleesaunders/d3-x3d,1
visgl/loaders.gl,1
SAP/fundamental-react,1
RebusFoundation/reader-api,1
myliang/x-spreadsheet,1
EDM-Spot/OtterBot,1
saby/builder,1
leonardomso/33-js-concepts,1
ucfopen/Obojobo,1
kevinmmartins/ThingProviderService,1
EmaSuriano/gatsby-starter-mate,0
commercetools/ui-kit,1
acl-services/paprika,1
internxt/drive-web,0
3box/3box-dapp,0
compassinformatics/cpsi-mapview,1
avalonstar/synthavln,0
Neko250/rlspain,1
Nozbe/WatermelonDB,1
nexxtway/react-rainbow,1
codemirror/codemirror.next,1
Synthetixio/synthetix-js,0
orchestrated-io/orcs-design-system,1
ln2r/jinsoyun,1
raphaelBeltrand/scritch,1
benhalverson/react-budget-app,1
atomicojs/atomico,1
kanekotic/web-threads,1
MiEcosystem/miot-plugin-sdk,0
vck3000/ProAvalon,1
TryGhost/SDK,1
RishikeshDarandale/website-deploy,1
Dynamsoft/javascript-barcode,1
0xTracker/0x-tracker-worker,1
Uclusion/uclusion_web_ui,1
totvs/ttalk-standard-message,1
ueberdosis/tiptap,1
typed-ember/ember-cli-typescript-blueprints,1
rabiran/karting,1
zhennann/egg-born-module-a-cms,1
dangmai/prettier-plugin-apex,1
v8/v8.dev,1
3box/3box-js,1
henriquecarv/loopback-connector-realtime-database,1
bchiang7/v4,1
integr8ly/tutorial-web-app,1
Kommunicate-io/Kommunicate-Web-SDK,1
integromat/vscode-apps-sdk,1
entrylabs/entry-tool,1
nodkz/conf-talks,0
lane711/sonicjs,1
linuswillner/react-console-emulator,1
Emurgo/yoroi-frontend,1
cbinsights/form-design-system,1
icodebetter/icodebetter,1
simple-keyboard/simple-keyboard-layouts,1
zowe/zlux-app-server,1
hubiinetwork/nahmii-sdk,1
zowe/zlux-server-framework,1
async-library/react-async,1
davesag/sequelize-pg-utilities,1
dirigeants/klasa-member-gateway,1
alevinru/CWClientHelperAppBot,0
everthis/leetcode-js,1
davesag/mock-req-res,1
solana-labs/obsolete-dontuse-example-webwallet,1
elm-street-technology/elevate-marketing-site,0
basics/vector,1
ChainSafe/js-libp2p-gossipsub,1
mika-cn/maoxian-web-clipper,1
Codeinwp/neve,1
Pustur/whatsapp-chat-parser,1
breatheco-de/content,1
evannetwork/ui-dapp-browser,1
bervProject/MyPersonalWebAdmin,1
RocketChat/Rocket.Chat.Livechat,0
sencha/ext-react,1
davesag/swagger-routes-express,1
inc2734/snow-monkey-blocks,1
qlik-oss/core-data-loading,1
fandoghpaas/fandogh-docs,0
DankMemer/dankmemer.lol,1
optoolco/components,1
sc-voice/sc-voice,1
mbrn/material-table,1
NYCPlanning/labs-layers-api,1
GetScatter/ScatterApps,1
developmentseed/scoreboard,0
girder/girder_web_components,1
process-engine/process_engine_runtime,1
folio-org/stripes,1
folio-org/platform-complete,1
NMDSdevopsServiceAdm/SopraSteria-SFC,1
pxblue/themes,1
facebook/fbt,1
engine262/engine262,1
OpenZeppelin/openzeppelin-sdk,1
mrtnzlml/meta,0
gridsome/gridsome,1
peeranha/peeranha-web,1
PDNMX/pdn,1
axa-group/nlp.js,1
chrisguttandin/angular-prerender,1
FoodStandardsAgency/register-a-food-business-front-end,1
hubiinetwork/nahmii-cli,1
wikimedia/mediawiki-extensions-TemplateWizard,1
FoodStandardsAgency/register-a-food-business-service,1
olkb/orders,0
raithos/raithos.github.io,0
advence-liz/workspace,0
jxnblk/mdx-deck,1
galtproject/galtproject-core,1
sheinsight/shineout,1
laravel/nova-docs,1
embermap/ember-cli-fastboot-testing,1
ember-learn/cli-guides,1
sider/sider-docs,1
futurestudio/hapi-request-utilities,1
kubesphere/docs.kubesphere.io,1
Optum/mockiato,1
ckeditor/ckeditor5-media-embed,1
razzius/weave,1
apexcharts/apexcharts.js,1
pavjacko/renative,0
asyncapi/generator,1
UMAprotocol/protocol,1
m5stack/m5-docs,1
Financial-Times/g-components,0
tillhub/schemas,1
tobeyadr/Groundhogg,1
mike-north/ember-qunit-decorators,1
tsuyukimakoto/yoritomo,1
ebshimizu/hots-parser,1
stefanbuck/eslint-rule-docs,0
wKovacs64/drinks,1
maidsafe/safenetwork.tech,1
ifyour/github-trending-archive,1
Smartling/api-docs,0
t-hashimoto249/js-bbclib,1
LekoArts/gatsby-starter-prismic,1
ProtoSchool/protoschool.github.io,1
goodrain/rainbond-ui,1
MetaMask/metamask-mobile,1
wunderdogsw/w2,0
tech-conferences/conference-data,1
liquality/liquality-swap,1
IsyFact/isy-style,0
leanjs/leanjs,1
scriptype/feed,0
Turbo87/ogn-web-viewer,1
ecency/ecency-mobile,1
dcloudio/uni-app,1
Tsuk1ko/cq-picsearcher-bot,1
ebi-webcomponents/nightingale,1
betagouv/signup-front,1
RedHatInsights/insights-inventory-frontend,1
shockpkg/packages,1
Qwant/erdapfel,1
vip-git/react-jsonschema-form-material-ui,1
futurestudio/hapi-rate-limitor,1
common-voice/sentence-collector,1
Alheimsins/hugmyndir,1
Alheimsins/gun-server,1
freesewing/freesewing,1
npm/cli,1
adobe/git-server,1
adobe/helix-cli,1
adobe/helix-simulator,1
eggheadio/how-to-egghead,1
corestate55/netoviz,1
kulstuff/ninjaproject,0
SAP/luigi,1
cockpit-project/cockpit-podman,1
kyma-project/console,1
nextcloud/terms_of_service,1
Xu-Angel/Scattered,0
18xx-maker/18xx-maker,1
digipolisantwerp/acpaas-ui_react,1
openforis/arena,1
Growthfilev2/frontend,0
tracking-exposed/yttrex,1
accessibilitysupported/a11ysupport.io,1
RedHatInsights/vulnerability-ui,1
chriseyre2000/contentful-to-neo4j,1
release-drafter/release-drafter,1
Markus-Rost/discord-wiki-bot,0
adobe/helix-pipeline,1
OptimistikSAS/OIBus,1
dhis2/ui-core,1
ornikar/shared-configs,0
algolia/rollup-jest-boilerplate,1
johno/johno.com,0
UNDataForum/design-system,1
salgum1114/react-design-editor,1
dashevo/wallet-lib,1
omgnetwork/plasma-contracts,1
nzzdev/Storytelling-Styleguide,0
Integreat/integreat-react-native-app,1
wintercounter/mhy,1
davesag/sequelize-test-helpers,1
Armasyll/psde,1
navikt/dittnav,1
alibaba-fusion/next,1
makerdao/governance-portal,1
ninjadotorg/handshake-i18n,1
nondanee/UnblockNeteaseMusic,1
OpenBuilds/OpenBuilds-CONTROL,1
mysticatea/eslint-evaluating-issues,1
Tangerine-Community/tangy-form-editor,1
tophat/yvm,1
graphprotocol/graph-cli,1
massgov/mayflower,1
kondoumh/sbe,0
cozy/cozy-libs,1
magento/pwa-studio,1
yankaindustries/mc-components,0
ioBroker/ioBroker.zigbee,1
nulogy/design-system,1
codefordenver/Comrad,1
LincolnSteinLab/icgc-viewer,1
backyourstack/backyourstack,1
NYCPlanning/labs-zap-search,0
WeOpenly/localgov.fyi,0
wmfs/tymly-core,1
alferpal/nodejs-starter-hapi-typescript,1
blackflux/object-scan,1
wen911119/preact-studio,0
StanfordHCI/bang,1
alleyinteractive/irving,1
openml/openml.org,0
Amsterdam/signals-frontend,1
cocos-creator-packages/jsb-adapter,0
betagouv/eva,1
bmlt-enabled/crouton,1
streamich/git-cz,1
ChilliCream/hotchocolate-docs,1
fomantic/Fomantic-UI,1
WeBankFinTech/wxa,1
Stremio/stremio-web,0
Flagsmith/flagsmith-frontend,1
wazo-platform/wazo-js-sdk,1
Tienei/TinyBot,1
IHTSDO/authoring-ui,1
pubkey/broadcast-channel,1
typescript-cheatsheets/react,1
LekoArts/gatsby-starter-portfolio-cara,1
OperationCode/front-end,1
herotc/bfa.herodamage.com,1
developedbyme/wprr-api,1
genouest/genouestaccountmanager,1
Netflix/pollyjs,1
feross/bitmidi.com,0
segmentio/analytics.js-integrations,1
Pimentoso/mini4wdchrono,0
mozilla/Spoke,1
chaskiq/chaskiq,1
cybozu/eslint-config,1
logzio/logz-docs,0
equinor/radix-web-console,1
ember-learn/ember-website,1
SayHelloGmbH/hello-roots,1
bitfinexcom/bfx-report,1
bitfinexcom/bfx-report-ui,1
Simonwep/pickr,1
BITVA-Game/bitva-game,0
getndazn/dazn-lambda-powertools,1
RedHatInsights/insights-advisor-frontend,1
wemake-services/wemake-frontend-styleguide,1
RubinLab/epadjs,1
asterics/AsTeRICS-Grid,1
polintw/Pensieve,0
iotaledger/trinity-wallet,1
Koenkk/zigbee-herdsman-converters,1
vtex-apps/store,1
ApollosProject/apollos-apps,1
Tangerine-Community/tangy-form,1
prettier/plugin-ruby,1
couchbase/docs-site,0
McCarthey/py-practice,0
aermin/ghChat,0
CityOfPhiladelphia/phila.gov-router,1
Julienedies/shandy,0
choerodon/manager-service,1
open-hand/website,0
mbarker84/css-irl,0
bbc/simorgh,1
WFCD/warframe-items,0
guidokessels/xwing-data2,1
tighten/builtwithjigsaw,1
shinjuku-mokumoku/shinjuku-mokumoku,0
Financial-Times/n-conversion-forms,0
weitblicker/weitblick-website,0
ckeditor/ckeditor5-autosave,1
ApptivaAG/apptiva-webpage,0
bytedance/xgplayer,1
Manuel-777/MTG-Arena-Tool,0
blockstack/app.co,0
smallwins/docs.begin.com,0
GuacLive/guac-web,1
NetCZ/vue-pikaday,1
your-digital-rights/yourdigitalrights.org,1
orbs-network/orbs-ethereum-contracts-v1,1
scriptex/create-pwa,1
Alheimsins/b5-result-text,1
mauriciabad/GradeCalc,0
SwitchbladeBot/switchblade,1
kremalicious/portfolio,0
lydell/LinkHints,1
cguerrerCS/rotombot,0
canonn-science/CAPIv2-Strapi,1
stephanrauh/ngx-extended-pdf-viewer,0
n1ru4l/react-in-center-of-screen,1
pluginjs/pluginjs,1
konnectors/leclercdrive,1
36node/sketch,1
openlattice/lattice-ui-kit,1
dustinpfister/blog_posts,0
nextstrain/nextstrain.org,0
x-orpheus/elint,1
zendesk/volunteer_portal,1
popeindustries/dvlp,1
acuity-social/acuity-browser,0
integrations/jira,1
eclass/sequelize-paginate,1
wya-team/wya-vc,1
generative-music/generative.fm,0
AaronDavidNewman/Smoosic,0
rsksmart/rsk-explorer-api,1
TouhouFishClub/baibaibot,1
zjffun/note,0
Alheimsins/bigfive-web,1
rsksmart/rsk-explorer,1
turtlecoin/turtlecoin-nodes-json,1
studiodrishti/recipe-lab,1
StartupsPoleEmploi/zen,1
ministryofjustice/prisonstaffhub,1
navikt/pam-stillingsok,1
bespoken/skill-testing-ml,1
mg901/styled-breakpoints,1
soruly/sola,1
wemake-services/nuxt-imagemin,1
Plant-for-the-Planet-org/treecounter-app,1
pass-culture/pass-culture-pro,1
CivicActions/civicactions.com,1
catdad/raw-viewer,1
Lovinity/wwsu,0
publiclab/leaflet-environmental-layers,1
mikesprague/localweather-io,1
renovatebot/pep440,1
ensdomains/ens-app,1
yinm/website,0
MixinNetwork/developers.mixin.one,1
Tiledesk/tiledesk-server,1
MixinNetwork/mixin.one,1
hiroppy/fusuma,0
SocialGouv/code-du-travail-numerique,1
UKHomeOffice/hocs-frontend,1
DemonCloud/cubec,1
software-mansion/react-native-reanimated,1
ticketmaster/aurora,1
FrontEndFoxes/curriculum,1
stone-payments/pos-mamba-sdk,1
Back2bikes/attendance,1
RedHatInsights/insights-chrome,1
wemake-services/nuxt-babel,1
willin/github-trending,1
bitfocus/companion,1
home-assistant/developers.home-assistant,1
LXHFIGHT/hxui,0
percy/percy-puppeteer,1
kubesphere/ks-website,1
fjp/fjp.github.io,1
hodgef/react-simple-keyboard,1
liquality/chainabstractionlayer,1
chrisguttandin/recorder-audio-worklet,1
travi/project-scaffolder,1
chrisguttandin/recorder-audio-worklet-processor,1
bioimagesuiteweb/bisweb,0
kirakiray/Xhear,1
iov-one/iov-core,1
hexojs/hexo-filter-lqip,1
boid-com/webboid,0
suncoast-devs/web,1
three11/react-template,1
SuitestAutomation/suitest-js-api,1
mojaloop/ml-api-adapter,1
UF-Carpentry/website,1
zooniverse/front-end-monorepo,1
httptoolkit/httptoolkit.tech,0
bunq/doc,1
three11/scrollspy,1
travelgateX/graphql-schema,1
SemanticComputing/nimisampo.fi,1
lblod/frontend-loket,1
travi/javascript-scaffolder,1
majorbyte/rebbl,1
IOTA-Ledger/hw-app-iota.js,1
altangent/ccxws,1
growlerapp/api,1
unfoldingWord/tc-ui-toolkit,1
dimaportenko/magento-react-native,1
infor-design/enterprise,1
psalm/psalm.dev,1
sifrr/sifrr-elements,1
powercord-org/powercord,1
zendeskgarden/svg-icons,1
nickv-nextcloud/twofactor_nextcloud_notification,1
wanghc/hisui,0
qlik-oss/core-scaling-ui,0
weave-microservices/weave,1
vtex-apps/minicart,0
iamkun/dayjs,1
godaddy-wordpress/coblocks,1
ksc-fe/kpc,1
hexlet-basics/exercises-javascript,0
gladly-team/tab-homepage,1
vtex-apps/store-components,1
Faithlife/styled-ui,1
NervJS/taro,1
Koenkk/zigbee2mqtt,1
lynncyrin/lynncyrin-dot-me,1
testing-library/dom-testing-library,1
mui-org/material-ui-docs,1
ioio-creative/ioio-website-wordpress-react,0
vuejs/vuepress,1
keystonejs/keystone,1
pillarwallet/pillarwallet,1
Public-Tree-Map/public-tree-map,1
kalisio/aktnmap,1
navikt/aktivitetsplan,1
frog-pond/ccc-server,1
alphagov/pay-js-commons,1
nklayman/vue-cli-plugin-electron-builder,1
Akkatecture/Documentation,1
DIYgod/RSSHub,1
languagetool-org/languagetool-website-2018,0
kaishin/redalemeden.com,1
chromaui/learnstorybook.com,1
dozjs/doz,1
buxlabs/boxwood,1
kevinmmartins/ThingProviderWeb,0
tusbar/next-runtime-dotenv,0
shavo007/serverless-nodejs-starter,0
three11/optisize,1
probil/vue-socket.io-extended,1
briancavalier/forgefx,0
swdotcom/swdc-atom,1
wix/ricos,1
lbryio/lbry.tech,1
citizenos/citizenos-api,1
angular/angular-devkit-build-angular-builds,1
angular/angular-pwa-builds,1
SocialGouv/www,1
angular/schematics-update-builds,1
moonwalker/orbit,1
Megabyteceer/thing-editor,1
cozy/cozy-banks,1
vitelabs/vite-wiki,0
uc-cdis/gen3-qa,1
liqiang0335/ynw,0
SAP/ui5-tooling,1
1024pix/pix,1
AutarkLabs/open-enterprise,1
SAP/ui5-cli,1
SAP/ui5-builder,0
SAP/ui5-server,1
SAP/ui5-project,1
grandivory/mods-optimizer,1
SAP/ui5-fs,1
SAP/ui5-logger,1
taylorbryant/gatsby-starter-tailwind,1
escapace/typescript-library-starter,0
juliomrqz/vue-warehouse,1
lifeomic/cli,1
codex-protocol/service.eel,1
InseeFr/Bauhaus,1
mozilla/contain-facebook,1
hyperledger/caliper,1
hmsk/frontmatter-markdown-loader,1
AlexsLemonade/refinebio-frontend,1
testing-library/react-testing-library,1
datenanfragen/website,1
OpenCerts/open-certificate,1
holaluz/margarita,0
inlet/react-pixi,1
marp-team/marpit,1
datenanfragen/data,1
KyberNetwork/kyber-tracker,1
jbetancur/react-data-table-component,1
botfront/rasa-webchat,1
blackflux/yaml-boost,1
SymphonyPlatformSolutions/symphony-api-client-node,1
dhis2/data-visualizer-app,1
hmcts/ccd-case-management-web,1
iguazio/dashboard-controls,1
McInkay/McIRC,1
CodeforKarlsruhe/direktvermarkter,1
handshake-org/hsd,1
brandonweiss/charge,0
HashemKhalifa/webpack-react-boilerplate,1
wordpress-mobile/gutenberg-mobile,1
king-prawns/webpack5-starter-kit,1
MyScienceWork/PolarisOS,1
HackYourFuture/JavaScript3,1
Doichain/dapp,1
Recras/online-booking-js,1
Harrix/static-site-webpack-habr,0
davesag/amqp-simple-pub-sub,1
connectome-neuprint/neuPrintExplorer,1
haiwen/seafile-js,1
uber/baseweb,1
BuildingXwithJS/bxjs-weekly,1
osmlab/osm-community-index,1
ckeditor/ckeditor5-editor-decoupled,1
lblod/ember-rdfa-editor,1
lblod/frontend-gelinkt-notuleren,1
scriptex/random-splice,1
qlik-oss/http-metrics-middleware,1
mareinc/mare,1
ghostery/ghostery-extension,1
octokit/routes,1
kirjavascript/nibblrjr,1
shopgate/pwa,1
lykmapipo/express-common,1
konnectors/cozy-konnector-enercoop,1
dojot/flowbroker,1
pie-framework/pie-lib,1
futurestudio/hercules,1
joedski/musings,0
hexojs/hexo-filter-responsive-images,1
electron/dependent-repos,1
jbolda/aeccollective,0
biuuu/BLHXFY,1
cecpk/RocketMAD,1
paypal/paypal-sdk-release,1
XXHolic/segment,0
blackflux/lambda-serverless-api,1
hodgef/simple-keyboard,1
JirkaDellOro/FUDGE,1
gzxishan/xsloader,1
phpbits/block-options,0
eBay/ebayui-core,1
xlsdg/umi-dva-antd-mobile-starter,1
xlsdg/umi-dva-antd-starter,1
frtib/tsp-redesign,0
DevExpress/devextreme-react,1
ztoben/plex-viewer,1
vasturiano/force-graph,1
mariadb-corporation/mariadb-connector-nodejs,1
SpareBank1/designsystem,1
ManageIQ/react-ui-components,1
heyunjiang/Blog,0
minimit/xtendui,1
tailwindlabs/tailwindcss.com,0
Frontify/sketch,1
three11/infinite-scroll,1
three11/animate-top-offset,1
qlik-oss/core-qix-session-workout,1
three11/debounce,1
DataBiosphere/terra-ui,1
ebaauw/homebridge-p1,1
kongware/scriptum,1
Hacker0x01/docs.hackerone.com,1
flussonic/mse-player,1
uwcirg/tb-mobile-app,1
angular/angular-devkit-build-webpack-builds,1
owenmcateer/Motus-Art,0
swapagarwal/swag-for-dev,1
nmxiaowei/avue,1
pencil-js/pencil.js,1
pinterest/gestalt,1
jeeliz/jeelizFaceFilter,1
hms-dbmi/OncoThreads,1
Merkoba/Hue,1
qsniyg/maxurl,1
shelfio/jest-mongodb,1
thibaudcolas/draftjs-conductor,1
mdn/bob,1
ICIJ/datashare-client,1
jsenv/jsenv-core,1
zrrrzzt/b5-web,1
evgeny-nadymov/telegram-react,1
kiwicom/orbit,1
studiopress/atomic-blocks,1
andrey-glotov/static-site-template,1
woocommerce/woocommerce-gutenberg-products-block,1
poanetwork/tokenbridge-contracts,1
fakob/MoviePrint_v004,1
g3w-suite/g3w-admin,1
rx/presenters,1
rexrainbow/phaser3-rex-notes,1
telus/tds-community,1
xuanxuanblingbling/xuanxuanblingbling.github.io,0
hmcts/div-petitioner-frontend,1
teamleadercrm/sdk-js,1
relative-ci/bundle-stats,1
KartulUdus/PoracleJS,1
navgurukul/chanakya,1
ebaauw/homebridge-ws,1
qlik-oss/picasso.js,1
aeternity/aepp-sdk-js,1
bcgov/range-web,1
UKHomeOffice/asl-schema,1
wpeverest/everest-forms,1
buda-base/public-digital-library,1
platform9/pf9-ui-plugin,1
inkline/inkline,1
krashnamusika/krashna-site,1
CampbellCrowley/SpikeyBot-Discord,1
rei/rei-cedar-docs,1
byu-oit/openapi-enforcer,1
kccd/nkc,1
orbiting/backends,1
sourcecred/sourcecred,1
PeterStampfli/images,1
AresMUSH/ares-webportal,1
AomanHao/AomanHao.github.io,0
ChristopherBThai/Discord-OwO-Bot,1
ecency/esteem-surfer,0
scramjetorg/scramjet-cli,1
LekoArts/gatsby-starter-minimal-blog,1
AdguardTeam/FiltersRegistry,1
kevinrambaud/serverless-functions-base-path,1
Direct-Freight/df-api-docs,0
cozy/cozy-client,1
ideo/shape,1
coding-blocks/codingblocks.online.projectx,0
angular/schematics-angular-builds,1
FlatIO/help-docs,0
cutls/TheDesk,1
y13i/cfn-schema,1
kontrollanten/algolia-places-react,1
qlik-demo-team/qdt-components,1
ymg-team/kompetisiid-web,1
parity-js/parity-react-app,1
WilsonHu/sinsim_process,0
ooni/explorer,1
angular/angular-devkit-schematics-builds,1
layersoflondon/application,1
angular/angular-devkit-core-builds,1
parity-js/dapp-wallet,1
mike-works/node-fundamentals,1
gardener/dashboard,1
zrrrzzt/bullet-catcher,1
IUSCA/SQAN,1
ministryofjustice/manage-key-workers,1
VizierDB/web-ui,1
mike-north/ember-ckeditor5,1
parity-js/shared,1
pubkey/eth-crypto,1
scriptex/webpack-mpa,1
lykmapipo/mongoose-rest-actions,1
ManageIQ/manageiq-v2v,1
entando/app-builder,1
zrrrzzt/gun-next-example,1
zrrrzzt/gun-sea-next-example,1
parity-js/dapp-registry,1
parity-js/jsonrpc,1
faysal-ahmad/idreesia-erp,0
serverless/components,1
positive-js/mosaic-builds,1
clinicjs/node-clinic,1
DataDog/dd-trace-js,1
osmlab/maproulette3,1
WebThingsIO/zigbee-adapter,1
Atomic-Reactor/Reactium,1
flexiooss/hotballoon,1
xh/hoist-react,1
cozy/cozy-contacts,1
apiaryio/api-elements.js,1
BlueWallet/BlueWallet,1
ebshimizu/stats-of-the-storm,1
LeNPaul/physics-in-motion,1
nextcloud/cdav-library,1
smokku/wrte,0
TheGiddyLimit/homebrew,0
infor-design/design-system,1
lbryio/lbry-redux,1
opencast/annotation-tool,1
FullStack-HY/FullStack-Hy.github.io,1
superdesk/superdesk-publisher,1
UniversityOfHelsinkiCS/oodikone,1
chialab/rna-cli,1
LedgerHQ/ledger-live-common,1
cerner/terra-dev-site,1
n1ru4l/react-time-ago,1
nolanlawson/pinafore,1
mrvautin/expressCart,1
ethereum/ethereum-org-website,1
11ty/11ty-website,1
libapps/libdot,1
water-fountains/datablue,1
igorkamyshev/kamyshev.me.src,0
pwafire/pwafire,1
chiefsmurph/robinhood-playground,0
zrrrzzt/gun-restrict-examples,1
Offirmo/offirmo-monorepo,1
gfxfundamentals/threejsfundamentals,1
jhipster/prettier-java,1
CodeTanzania/majifix-status,1
vikpe/github-pages-starter,1
pass-culture/pass-culture-browser,1
CodeTanzania/majifix-service,1
ACM-UCI/ACM-UCI-Website,1
CommunityAlly/CommunityAllyWebApp,1
immerjs/immer,1
keepassxreboot/keepassxc-browser,1
react-navigation/react-navigation.github.io,1
Geotab/sdk,1
Zettlr/Zettlr,1
Paturages/chorus,1
wKovacs64/meetup-raffle,1
mdx-js/mdx,1
seleb/bitsy-hacks,1
eneax/eneaxharja.com,0
apisyouwonthate/apisyouwonthate.com,1
liferay-design/liferay.design,1
Criptext/Criptext-Email-React-Client,1
danhumphrey/page-modeller,1
FOE-Tools/FOE-Tools.github.io,1
yanlele/node-index,1
electron/releases,1
Esri/calcite-react,1
dhis2/maps-app,1
Financial-Times/n-messaging-client,1
nvie/debrief.js,1
SAPConversationalAI/Webchat,1
ntucker/anansi,1
thibaudcolas/draftjs-filters,1
codeforequity-at/botium-core,1
makerdao/dai.js,1
weareopensource/Node,1
wKovacs64/react-native-responsive-image-view,1
clearlydefined/curated-data,1
laconiajs/laconia,1
octokit/graphql-schema,1
ispras/lingvodoc-react,1
Availity/availity-react,1
tompng/ar_sync,1
hill84/biblo,1
obniz/obniz,1
IQTLabs/CRviz,1
gadicc/node-hosts-so-easy,1
ngageoint/opensphere,1
jcoreio/promisify-child-process,1
Braspag/braspag.github.io,1
xizon/uix-kit,1
senti-iot/senti-console,1
Brightspace/d2l-rubric,1
adobe/xdm,1
azu/ecmascript-proposals-json,1
xyqfer/youpin,1
biocodellc/geome-ui,1
unlock-protocol/unlock,1
LekoArts/gatsby-starter-portfolio-emilia,1
Human-Connection/Human-Connection,1
angrykoala/wendigo,1
axa-ch/patterns-library,1
FUB-HCC/IKON-projektor,1
30-seconds/30-seconds-of-code,1
AdExNetwork/adex-platform,1
swissquote/crafty,1
smartprocure/contexture-react,1
ErikVerheul/OneBacklog,1
indmind/jawaskrip,1
ckeditor/ckeditor5-font,1
buschtoens/ember-lazy-mount,1
cfpb/curriculum-review-tool,1
11ty/eleventy,1
imshuffling/davidrich.es,1
koumoul-dev/data-fair,1
takenet/blip-components,0
jingyu9575/multithreaded-download-manager,1
optimistdigital/create-frontend,1
final-form/react-final-form,1
maticnetwork/contracts,1
json-editor/json-editor,1
kube-HPC/hkube,1
kube-HPC/simulator,0
jeffjewiss/ember-typeface,1
elastic/apm-agent-rum-js,1
arnoldczhang/fe-guide,0
blackflux/lambda-monitor,1
polkadot-js/dev,1
akkeris/controller-api,1
blackflux/s3-cached,1
pr-triage/app,1
nice-registry/ghub.io,1
oduwsdl/tmvis,1
fisker/fis3-plugins,1
blackflux/lambda-tdd,1
mozilla/ensemble-transposer,0
EdgeVerve/oe-workflow,1
cityofaustin/janis,1
danilowoz/create-content-loader,0
CruGlobal/campus-contacts-web,1
MuYunyun/blog,0
keplersj/jest-runner-prettier,1
arlac77/repository-provider,1
RobBrazier/svelte-awesome,1
nuxt-community/i18n-module,1
evazion/translate-pixiv-tags,1
blackflux/js-gardener,1
ImmoweltGroup/create-react-microservice,1
iobroker-community-adapters/ioBroker.deconz,1
lianetoolkit/liane-toolkit,1
akkeris/cli,1
SteveEdson/home-assistant,0
brave/brave-browser,1
go-faast/faast-web,1
blackflux/lambda-rate-limiter,1
semantic-release/github,1
appbaseio/reactivecore,1
Alheimsins/b5-johnson-120-ipip-neo-pi-r,1
fluid-project/sjrk-story-telling,1
DEFRA/water-abstraction-tactical-crm,1
DEFRA/water-abstraction-service,1
ckeditor/ckeditor5-highlight,1
qlik-oss/core-grpc-mongodb-connector,1
IFRCGo/go-frontend,1
gregnb/mui-datatables,1
readmeio/rdme,1
devotox/ember-cli-utilities,1
micro-company/react-app,0
angular/elements-builds,1
konecnyna/slack-cat,1
finos/perspective,1
LiskHQ/lisk-desktop,1
abetomo/google-drive-cleaner,1
travelgateX/documentation-site,1
untool/mixinable,1
fusionjs/fusionjs,1
ionic-team/starters,1
Rainbox-dev/DuAEF_Duik,1
Ecodenl/econobis,0
qlik-oss/core-file-connectivity-service,1
ckeditor/ckeditor5-table,1
powerhome/playbook,0
getgauge/taiko,1
mistval/kotoba,1
ckeditor/ckeditor5-alignment,1
thx/magix-gallery,0
codetheweb/tuyapi,1
samtecspg/articulate,1
tusbar/babel-plugin-dotenv-import,1
iExecBlockchainComputing/PoCo,1
IgniteUI/igniteui-docfx,1
SciCatProject/catamel,1
bcoin-org/bcrypto,1
LooseLab/minotourapp,1
ckeditor/ckeditor5-cloud-services,1
etcaterva/eas-frontend,1
chrisguttandin/timing-object,1
Nodics/nodics,1
tanem/express-bookshelf-realworld-example-app,1
qmk/qmk_configurator,1
cerner/terra-framework,1
tainacan/tainacan,1
grommet/grommet-site,1
TwoRavens/TwoRavens,1
amclin/videojs-scene7,1
CarPalFleet/JavaScript-SDK,1
OrangeXC/gank,1
LekoArts/gatsby-starter-portfolio-emma,1
nvie/lemons.js,1
aragon/aragon-apps,1
quasarframework/quasar-starter-kit,1
nrkno/core-components,1
alfa-laboratory/alfa-ui-primitives,1
protofire/solhint,1
Yuvaleros/material-ui-dropzone,1
trufflesuite/trufflesuite.com,1
zmts/supra-api-nodejs,1
meetfranz/franz,1
emazzotta/lighthouse-badges,1
Availity/sdk-js,1
salsita/nodejs-training,1
cassproject/cass-editor,1
dpc-sdp/ripple,1
AsyncAF/AsyncAF,1
pqina/filepond,1
surveyjs/custom-widgets,1
SparkEdUAB/SparkEd,1
process-engine/process_engine_core_meta,1
atilla777/rism,1
electerm/electerm,1
reactjs/reactjs.org,1
nvie/itertools.js,1
phetsims/wave-interference,1
buildkite/screencast-examples,0
nvie/decoders,1
ustwo/ustwoadventure,0
ml5js/ml5-library,1
abcnews/odyssey,0
ooni/probe-desktop,1
SelfKeyFoundation/Identity-Wallet,1
CUP-ACM-Programming-Club/CUP-Online-Judge-Express,1
neo4j-graphql/neo4j-graphql-js,1
orbiting/republik-frontend,0
openlattice/lets-react,1
hfreire/mint-wrapper,1
angular/service-worker-builds,1
kids-first/kf-portal-ui,1
fastify/light-my-request,1
ceskaexpedice/kramerius-web-client,0
ckeditor/ckeditor5-easy-image,1
mozilla/hubs,1
hackclub/v2,0
italia/design-react-kit,1
sparkdesignsystem/spark-design-system,1
getodk/central-frontend,1
BuildFire/placesPlugin2,1
concourse/docs,0
josh-byster/uiucbus,1
zeebe-io/zeebe-modeler,1
GSConnect/gnome-shell-extension-gsconnect,1
benetech/MathShare,1
ringcentral/ringcentral-embeddable,1
ministryofjustice/licences,1
decred/politeiagui,1
getodk/central-backend,1
space-concordia-robotics/robotics-prototype,1
lndgalante/codewars-katas,0
cypress-io/cypress-test-example-repos,1
BrightID/BrightID,1
jalbertsr/react-twitter-clone,0
cypress-io/cypress-test-nested-projects,1
XXHolic/blog,0
zebrunner/stf,1
ChildMindInstitute/mindlogger-app,1
CatalogueOfLife/checklistbank,0
DeveloperCielo/developercielo.github.io,1
veritone/veritone-sdk,1
nhn/tui.calendar,1
react-static/react-static,1
teppeis/redash-client,1
jacargentina/iResucito,0
mattermost/mattermost-webapp,1
mdbootstrap/React-Bootstrap-with-Material-Design,1
okkur/syna,1
ging/fiware-idm,1
angular/material-moment-adapter-builds,1
microlinkhq/browserless,1
ehmicky/autoserver,1
conan-io/website,0
wojtekmaj/react-date-picker,1
brandonweiss/discharge,1
alphagov/pay-products-ui,1
rescapes/ramda,1
vue-gl/vue-gl,1
octokit/fixtures,1
CarnetApp/CarnetElectron,0
wulkanowy/fake-log,1
social-media-testdrive/truman_testdrive,1
contentful/contentful-cli,1
cypress-io/cypress-test-tiny,1
Abhith/abhith.net,1
AliceO2Group/WebUi,1
asamuzaK/semverParser,1
davidfig/pixi-viewport,0
coderplanets/coderplanets_web,1
subscriptions-project/swg-js,1
folio-org/stripes-smart-components,1
DBCDK/content-first,1
mike-works/web-security-fundamentals,1
applitools/eyes.sdk.javascript1,1
no5ix/no5ix.github.io,0
yahoo/yavin,1
epam/miew,1
alliance-genome/agr_ui,1
jumpalottahigh/blog.georgi-yanev.com,1
vuestorefront/vue-storefront-api,1
kktjs/kkt,1
open-physiology/open-physiology-viewer,1
beepnl/BEEP,1
webcomponents/custom-elements-everywhere,1
sencha/ext-angular,1
asamuzaK/shareSNS,1
netliferesearch/u4-no,0
canonical-web-and-design/snapcraft.io,1
renovatebot/presets,0
elifesciences/elife-xpub,1
ljunggren/bz-puppeteer,1
netlify-templates/gatsby-starter-netlify-cms,1
onitsoft/nexchange-open-client-react,1
superdesk/newsroom,1
keep-network/website,0
DEFRA/water-abstraction-permit-repository,1
ericelliott/riteway,1
OpenNeuroOrg/openneuro,1
OpusCapita/react-grid,1
akeneo/pim-helpcenter,0
iodide-project/iodide,1
LN-Zap/zap-desktop,1
neighborhood999/react-gh-like-diff,1
davesag/jose-simple,0
spences10/hackernews-react-apollo,0
atlassian/react-beautiful-dnd,1
mbn-platform/Frontend,0
elastic/apm-agent-nodejs,1
FACT-Finder-Web-Components/documentation,0
parcel-bundler/parcel,1
SuperMap/iClient-JavaScript,1
anlix-io/flashman,1
ExpediaDotCom/haystack-ui,1
ClearURLs/Addon,1
saadaouad/react-docs,0
kanekotic/express-exception-handler,1
RocketChat/Rocket.Chat.ReactNative,1
MetaMask/eth-phishing-detect,0
HamishMW/portfolio,1
percy/percy-webdriverio,1
kindredgroupsec/kgs-newsletter,0
tighten/ziggy,1
redsolution/xabber-web,1
chanzuckerberg/idseq-web,1
invinst/CPDBv2_mobile,1
tulios/kafkajs,1
OriginProtocol/origin,1
Shopify/web-configs,1
Giveth/feathers-giveth,1
Ephigenia/mite-cli,1
mozilla/ensemble,1
blobtoolkit/viewer,1
eXist-db/generator-exist,1
alibaba/funcraft,1
Giveth/giveth-dapp,1
segmentio/evergreen,1
michaeldzjap/react-signature-pad-wrapper,1
salesforce/lwc,1
wojtekmaj/react-calendar,1
nuxt-community/apollo-module,1
wix/lerna-script,1
rentalutions/elements,0
DEFRA/water-abstraction-ui,1
gatsbyjs/gatsby-starter-hello-world,1
googleapis/nodejs-firestore,1
googleapis/nodejs-compute,1
brave-intl/bat-ledger,1
lidaof/eg-react,1
kellyselden/git-diff-apply,1
downshift-js/downshift,1
urbica/react-map-gl,1
ClimateWatch-Vizzuality/climate-watch,1
aragon/aragon.js,1
pulibrary/figgy,1
asamuzaK/sidebarTabs,1
orbiting/publikator-frontend,1
tdeekens/flopflip,1
ember-cli/ember-cli-update,1
trollepierre/recontact_travel_blog,1
okta/okta-oidc-js,1
helpscout/hsds-react,1
StatEngine/stat-engine,1
architect/architect,1
iExecBlockchainComputing/iexec-sdk,1
architect/functions,0
LLK/scratch-l10n,1
JetBrains/ring-ui,1
readmeio/api-explorer,1
cloudinary/cloudinary-video-player,1
versatica/mediasoup-client,1
MyEtherWallet/ethereum-lists,1
asamuzaK/webExtNativeMsg,1
priceline/design-system,1
ericelliott/autodux,1
Shyam-Chen/Vue-Starter,1
ROBOTIS-GIT/emanual,1
microlinkhq/www,1
thzt/hexo-blog,0
LekoArts/portfolio,0
mdyd-dev/pos-cli,1
smartface/sf-extension-utils,1
theirc/web,0
pagarme/pilot,0
mike-works/pwa-fundamentals,1
konnectors/cozy-konnector-digiposte,1
gitcoinco/web,1
hfreire/make-porto-win-european-best-destination-2017,1
rauenzi/BetterDiscordAddons,1
hbz/oerworldmap-ui,1
discordjs/guide,1
liferay/liferay-js-toolkit,1
folio-org/ui-eholdings,1
datacite/bracco,1
MyParcelCOM/api-specification,0
kalisio/kdk,1
orbiting/styleguide,1
nasa/cumulus,1
box/box-ui-elements,1
cerner/terra-toolkit,1
CityOfZion/neon-wallet,1
konnectors/cozy-konnector-ameli,1
manga-download/hakuneko,1
vercel/docs,1
NEU-Libraries/charon,0
americanexpress/jest-image-snapshot,1
exeto/ember-cli-jss,1
hfreire/facebook-login-for-robots,1
developersdo/opensource,1
APTrust/dart,0
hfreire/happn-wrapper,1
graphile/graphile-engine,1
cypress-io/cypress-test-ci-environments,1
keenwon/eazydict,1
ember-cli/ember-rfc176-data,1
cypress-io/xvfb,1
cypress-io/cypress-test-module-api,1
revotechUET/wi-backend,0
keenwon/eazydict-youdao,1
ant-design/ant-design-pro-site,1
r-spacex/SpaceX-API,1
wesbos/Syntax,1
openpracticelibrary/openpracticelibrary,1
ft-interactive/visual-vocabulary-templates,0
AlCalzone/node-coap-client,1
chrisguttandin/user-media-audio-visualizer,1
tengge1/ShadowEditor,1
409H/EtherAddressLookup,0
carbon-app/carbon,1
longhorn09/lorebot,1
styled-system/styled-system,1
AlloyTeam/eslint-config-alloy,1
cockpit-project/starter-kit,1
kiwix/kiwix-js-windows,1
reasonml/reasonml.github.io,1
SUI-Components/sui,1
kaltura/kaltura-player-js,1
usdot-its-jpo-data-portal/datahub-ui,1
wopian/kitsu-season-trends,1
InsideSalesOfficial/insidesales-components,1
ilios/ember-simple-charts,1
wesbos/awesome-uses,0
AssemblyScript/binaryen.js,1
vergecurrency/vergecurrency.com,1
scramjetorg/scramjet-core,1
SwissDataScienceCenter/renku-ui,1
mozilla/eslint-config-amo,1
Scrivito/scrivito_example_app_js,1
CBIIT/GDCMVS,0
broadinstitute/gnomad-browser,1
vtex/address-form,1
lipis/prettier-setup,1
luangjokaj/wordpressify,1
newsuk/times-components,1
wikimedia/mediawiki-extensions-AdvancedSearch,1
commutron/neptune-dev,0
telldus/telldus-live-mobile-v3,1
Prefinem/lambdify,1
abetomo/node-ss2json,1
elmasse/nextein,1
kaltura/playkit-js-ui,1
alex-kukhtin/A2v10,0
dvaJi/ReaderFront,1
emotion-js/emotion,1
ckeditor/ckeditor5-editor-balloon,1
DemocracyLab/CivicTechExchange,1
w3c/publ-wg,1
nonpartisan09/class_scheduler,0
ilios/lti-server,0
ilios/lti-dashboard,1
zadam/trilium,0
Kitware/itk-vtk-viewer,1
DemocracyClub/WhereDoIVote-Widget,1
saddlebackdev/react-cm-ui,0
mozilla/send,1
internet4000/radio4000,1
moleculerjs/site,0
Integreat/integreat-webapp,1
whawker/react-jsx-highcharts,1
SparkPost/2web2ui,1
tradle/mycloud,1
TeamFleet/WhoCallsTheFleet-Pics,1
preactjs/preact-cli,1
rocket-pool/rocketpool,1
MoveOnOrg/Spoke,1
spences10/cheat-sheets,1
RobotWebTools/rclnodejs,1
chrisguttandin/web-audio-beat-detector-worker,1
chrisguttandin/web-audio-beat-detector-broker,1
ayr-ton/kamu,1
cmux/koot,1
nodeshift/nodeshift,1
resource-watch/resource-watch,1
unep-grid/map-x-mgl,1
ilios/common,1
LivePersonInc/developers-community,1
qlik-oss/mira,1
TeselaGen/teselagen-react-components,1
ccxt/ccxt,1
patrikx3/onenote,1
ifanrx/hydrogen-js-sdk,1
qiqiboy/tiger-new,0
mike-works/modern-javascript,1
qlik-oss/core-qix-session-placement-service,1
SparkPost/matchbox,1
nodeshift/openshift-rest-client,1
radiantearth/stac-spec,1
gemini-testing/html-reporter,1
lyrgard/ffbeEquip,1
qlik-oss/core-assisted-prescription-ui,1
ReactMaker/simple_react_startkit,1
akameco/eslint-config-precure,1
w3c/validate-repos,1
jojoldu/junior-recruit-scheduler,0
mjeanroy/rollup-plugin-prettier,1
ofrohn/seh,1
alexlitel/congresstweets-automator,1
omnisci/mapd-charting,1
machsix/Super-preloader,1
roblox-plus/Chrome,0
status-im/status.im,1
amyjko/faculty,1
JoinColony/colonyNetwork,1
wopian/kitsu,1
nextcloud/guests,1
qgrid/ng2,1
NDLANO/editorial-frontend,1
FuelRats/fuelrats.com,1
viewstools/morph,1
paypal/fullstack-phone,1
AlCalzone/ioBroker.tradfri,1
moodlebox/moodlebox.net,1
lenage/language-coursescript,1
kmalinich/node-bmw-client,1
Kopano-dev/kopano-webapp,1
ckeditor/ckeditor5-adapter-ckfinder,1
gtramontina/spring-river,1
WhoTargetsMe/Who-Targets-Me,1
paradite/hn-ratio,1
vtex/styleguide,1
GlukKazan/GlukKazan.github.io,0
matt-riley/gql_boilerplate,1
automerge/automerge,1
angular/cdk-builds,1
Photosynq/PhotosynQ-Documentation,1
DevExpress/DevExtreme,1
brainstormforce/astra,1
grocy/grocy,1
paralleldrive/react-feature-toggles,1
qlik-oss/core-get-started,1
angular/ngtools-webpack-builds,1
angular/cli-builds,1
psono/psono-client,1
otacke/h5p-agamotto,1
JiHong88/SunEditor,1
longhorn/longhorn-ui,0
konnectors/cozy-konnector-bouyguesbox,1
EricssonBroadcastServices/chromecast-demo-receiver,0
cds-snc/digital-canada-ca,1
nodefony/nodefony,1
City-of-Helsinki/mvj-ui,1
styled-components/styled-components-website,1
cozy/cozy-home,1
qlik-oss/halyard.js,1
tootsuite/joinmastodon,0
im6/javascript-fun,1
fossasia/open-event-frontend,1
blockchain-certificates/cert-verifier-js,1
cerner/terra-clinical,1
ESA-VirES/Aeolus-Client,1
evaera/RoVer,1
mapbox/osmcha-frontend,1
instacart/Snacks,1
edemo/Lidehouse,1
axax/lunuc,1
Autodesk/hig,1
ckeditor/ckeditor5-upload,1
Xi-Plus/twinkle,1
konnectors/libs,1
TarikHuber/react-most-wanted,1
opensupports/opensupports,1
ckeditor/ckeditor5-widget,1
konnectors/cozy-konnector-bouyguestelecom,1
EastWorld/wechat-app-mall,1
stiftelsen-effekt/effekt-backend,1
danielcaldas/react-d3-graph,1
alcedo-ui/alcedo-ui,1
enebular/enebular-runtime-agent,1
ChromeDevTools/devtools-protocol,1
MiyashitaLab/miyashita.com,0
pastelsky/bundlephobia,1
ChartIQ/finsemble-seed,1
biglotteryfund/blf-alpha,1
uqlibrary/fez-frontend,1
appbaseio/playground,1
matthewberryman/midsomerplots,1
streetsidesoftware/cspell-dicts,1
edgi-govdata-archiving/web-monitoring-versionista-scraper,1
kiteco/vscode-plugin,1
Skyscanner/backpack,1
hjdivad/ember-m3,1
dr4fters/dr4ft,1
alexbosworth/ln-service,1
lingochen/wings3d,1
spences10/scottspence.me,1
ebaauw/homebridge-lib,0
buildit/buildit,1
bbc/storyplayer,1
haohonglong/LAM2,1
poteto/hiring-without-whiteboards,1
Kiuryy/Bookmark_Sidebar,1
wopian/tracker-killer,1
ember-app-scheduler/ember-app-scheduler,1
AdguardTeam/HttpsExclusions,1
carbon-design-system/carbon,1
ember-learn/ember-cli-addon-docs,1
asamuzaK/url2clipboard,1
CityOfPhiladelphia/mapboard,1
wopian/kitsu-inactivity-pruner,1
tc39/proposal-temporal,1
mattermost/mattermost-redux,1
megos/gitkraken-i18n,0
aws/aws-xray-sdk-node,1
silverstripe/silverstripe-admin,1
topcoder-platform/community-app,1
TobitSoftware/chayns-components,1
ioBroker/ioBroker.repositories,1
coding-blocks/oneauth,1
box/box-content-preview,1
baires/shouldideploy,1
MichaelKohler/where,1
kaidouji85/study-three-js,0
uhyo/jinrou-doc-2,0
jumpserver/luna,1
x-wrt/luci,1
uktrade/data-hub-frontend,1
taskcluster/azure-blob-storage,1
APIs-guru/awesome-openapi3,1
Bnei-Baruch/kmedia-mdb,1
ckeditor/ckeditor5-essentials,1
aragon/client,1
hfreire/pollmommy,1
pilas-engine/pilas-engine,1
wind-stone/blog,0
no23reason/react-qr-svg,1
cerner/terra-core,1
jxj322991/jxj-web,0
jaegertracing/jaeger-ui,1
PedalPlayground/PedalPlayground.github.io,0
mjeanroy/gulp-header-comment,1
zrrrzzt/micro-geoip-country,1
qiuwww/blog,1
jspreadsheet/ce,0
owncloud/guests,1
GoogleChromeLabs/confluence,1
uc-cdis/data-portal,1
moleculerjs/moleculer,1
surveyjs/builds,0
weseek/growi,1
avdeev/vanilla-sharing,1
cwrc/CWRC-WriterBase,1
bbc/device-identification-data,1
blackbaud-services/supporticon,0
appbaseio/reactivesearch,1
bancorprotocol/contracts-solidity,1
dicengine/dicegui,1
Datawheel/canon,1
Wikia/mobile-wiki,1
streamplace/npm-kubetools,0
au-research/ANDS-ResearchData-Registry,1
maliMirkec/starter-project,1
angular/animations-builds,1
cboard-org/cboard,1
seek-oss/sku,1
vanda/vam-fractal,1
hfreire/browser-as-a-service,1
wix/react-native-ui-lib,1
appbaseio/dashboard,0
gligoran/cordova-set-version,1
char0n/ramda-adjunct,1
CMSgov/design-system,1
asamuzaK/withExEditorHost,1
hfreire/random-http-useragent,1
WordPress/gutenberg,1
neutrinojs/neutrino,1
idyll-lang/idyll,1
SF-Zhou/sf-zhou.github.io,1
edgi-govdata-archiving/web-monitoring-ui,1
invertase/react-native-firebase,1
weDevsOfficial/dokan,1
townhallproject/townHallProject,1
FACT-Finder-Web-Components/demos,1
unexpectedjs/unexpected-snapshot,1
kaltura/playkit-js,1
ec-europa/europa-component-library,1
Intecmedia/Intecmedia.Webpack,0
TulevaEE/onboarding-client,1
NorthernMan54/homebridge-alexa,0
ben-eb/caniuse-lite,1
barbalex/apf2,1
ioBroker/ioBroker.docs,1
LulumiProject/lulumi-browser,0
electron/download-stats,0
ooade/NextSimpleStarter,1
iVis-at-Bilkent/newt,1
Backendless/Console-SDK,1
three11/vuejs-template,1
youzan/vant-weapp,1
pnpm/pnpm.github.io,0
arlac77/rtsp-archive,1
zrrrzzt/firebase-counter,1
linuxmint/cinnamon-spices-desklets,0
vikpe/react-webpack-babel-starter,1
Inist-CNRS/lodex,1
phetsims/gas-properties,1
nextcloud/deck,1
scramjetorg/scramjet,1
microsoft/pxt-blockly,1
Talend/ui,1
masteranthoneyd/blog,0
laurent22/joplin,1
lbryio/lbry-desktop,1
DFEAGILEDEVOPS/MTC,1
gathercontent/gather-ui,1
selfrefactor/rambda,1
greenkeeper-keeper/reference-instance,1
winterstein/sogive-app,1
Kilian/electron-to-chromium,1
goodjoblife/GoodJobShare,1
vikpe/react-webpack-typescript-starter,1
akashic-games/akashic-sandbox,1
lando/lando,1
talkingkotlin/website,1
iou90/react-native-autoheight-webview,1
synzen/MonitoRSS,1
iondrimba/marvel-api-explorer,1
cedx/lcov.js,1
CMSgov/qpp-measures-data,1
vlocityinc/vlocity_build,1
tutorcruncher/socket-frontend,1
netlify/headlesscms.org,1
gladly-team/tab,1
ripe-tech/ripe-sdk,1
treadpit/wx_calendar,1
sharetribe/ftw-daily,0
DataTables/Dist-DataTables-SemanticUI,0
vaeum/react-material-icon-svg,1
marcoax/maguttiCms,1
stellarterm/stellarterm,1
AleshaOleg/postcss-sass,1
linuxmint/cinnamon-spices-applets,1
openscope/openscope,1
u-wave/hub,1
joshhunt/destinySets,1
ckeditor/ckeditor5-dev,1
ckeditor/ckeditor5-editor-inline,1
serverless-operations/serverless-step-functions,1
TeamFleet/WhoCallsTheFleet-Yuubari,1
codesandbox/codesandbox-client,1
teamleadercrm/ui,1
wonderunit/storyboarder,1
livechat/livechat-public-docs,1
soajs/soajs.core.drivers,1
artsy/rosalind,1
webex/react-widgets,1
chrisguttandin/extendable-media-recorder,1
algolia/npm-search,1
TapestryOfAges/dark-unknown,1
primefaces/primereact,1
sehugg/8bitworkshop,1
webpack/webpack-cli,1
C0deboy/jaki-jezyk-programowania,1
ViBiOh/funtch,1
facebook/metro,1
tinper-bee/bee-table,1
qlik-oss/enigma.js,1
globules-io/OGX.JS,1
opencollective/opencollective-frontend,1
gobuffalo/docs,1
cozy/cozy-drive,1
spences10/cv,1
bufferapp/buffer-publish,1
msrose/babel-plugin-transform-amd-to-commonjs,1
ember-cli/eslint-plugin-ember,1
im6/vp,0
atSCM/atscm-cli,1
nextcloud/richdocuments,0
angular/material-builds,1
nice-registry/all-the-package-repos,0
albe/node-event-storage,1
mozilla/multi-account-containers,1
MakeNowJust/diary,1
prettier/prettier,1
cypress-io/cypress-example-recipes,1
nodejs/security-wg,1
coopcycle/coopcycle-app,1
gchq/CyberChef,1
ioof-holdings/redux-subspace,1
ember-animation/ember-animated,1
quantastica/quantum-circuit,1
telemark/generate-docx,1
SUI-Components/sui-components,1
mjeanroy/rollup-plugin-license,1
soajs/soajs.dashboard.ui,1
neos/media-browser,0
photonstorm/phaser3-examples,1
apache/echarts-examples,0
herkulano/d3-hist2d,0
folio-org/ui-users,1
EdgeApp/edge-react-gui,1
lskjs/lskjs,1
chrisguttandin/audio-context-timers,1
angular/language-service-builds,1
elix/elix,1
invinst/CPDBv2_frontend,1
sverweij/dependency-cruiser,1
ebaauw/homebridge-zp,1
fossamagna/gas-webpack-plugin,0
astefanutti/kubebox,1
openhab/openhab-alexa,1
web-standards-ru/calendar,1
speckleworks/SpeckleServer,1
qgis/qwc2-demo-app,1
kiteco/atom-plugin,1
mlibrary/search,0
Tencent/wepy,1
wix/wix-style-react,1
mjeanroy/rollup-plugin-strip-banner,1
serverless/examples,1
wix/react-native-calendars,1
auth0/auth0-deploy-cli,1
uNmAnNeR/imaskjs,1
decred/decrediton,1
screeps/engine,1
KhalisFoundation/sttm-desktop,1
cedx/enum.js,1
oznu/dns-zone-blacklist,1
getredash/website,1
chrisguttandin/karma-virtualbox-ie11-launcher,1
cedx/free-mobile.js,1
textlint/textlint-scripts,1
4Catalyzer/found-scroll,1
pegaltier/awesome-utils-dev,0
primeroIMS/primero,1
chrisguttandin/worker-timers-broker,1
chrisguttandin/worker-timers-worker,1
cedx/gulp-php-minify,1
newmips/newmips,1
happner/happn-3,1
kanasimi/work_crawler,0
F5Networks/f5-cloud-libs,1
chrisguttandin/karma-virtualbox-edge-launcher,1
KhalisFoundation/sttm-web,1
USSBA/sba-gov-katana,1
Wandalen/wLogger,1
nodeshift/opossum,0
nuxt/vue-meta,1
SensitiveMix/commerce,1
mbrevda/react-image,1
morinted/steno_dictionary,0
mcneilco/acas,1
ubccr/xdmod-supremm,1
ForestAdmin/lumber,1
nuxt/nuxt.js,1
relay-tools/found-relay,1
Js41637/Overwatch-Item-Tracker,1
timelapseplus/VIEW,1
lskjs/ux,1
folio-org/stripes-core,1
itemsets/vue2,1
WFCD/genesis,1
suguru03/leetcode,0
translation-gang/ru.vuejs.org,1
thisconnect/test-karma-rollup-tape,1
tannerlinsley/react-table,1
nextcloud/tasks,1
nextcloud/maps,1
folio-org/stripes-components,1
afeiship/webpack-react-spa,0
nextcloud/contacts,1
nextcloud/notes,1
open-sauced/open-sauced,1
hpi-schul-cloud/schulcloud-server,1
wikimedia/mediawiki-extensions-PageForms,1
4Catalyzer/astroturf,1
ebaauw/homebridge-hue,1
ticky/markdown-component-loader,1
chawyehsu/chawyehsu.com,0
mindsers/nativetable,1
alibaba/rax,1
prescottprue/react-redux-firebase,1
mdn/data,1
Azure/azure-iot-sdk-node,1
yairEO/tagify,1
qri-io/website,1
JetBrains/youtrack-mobile,1
AusDTO/dto-digitalmarketplace-frontend,1
ckeditor/ckeditor5-image,1
ministryofjustice/apvs-asynchronous-worker,1
bootstrap-vue/bootstrap-vue,1
mattermost/mattermost-mobile,1
dougmoscrop/serverless-http,1
cerner/terra-ui,1
PubMatic/OpenWrap,1
openlattice/lattice-js,1
vercel/next.js,1
input-output-hk/daedalus,1
Mermade/shins,1
commercetools/nodejs,1
wellcomecollection/wellcomecollection.org,1
osbuild/cockpit-composer,1
ckeditor/ckeditor5-autoformat,1
jaedb/Iris,1
FrankerFaceZ/FrankerFaceZ,1
h5p/h5p-true-false,1
NDLANO/frontend-packages,1
fastify/fastify,1
superdesk/superdesk-planning,1
oVirt/ovirt-web-ui,1
fisker/promise-synchronizer,1
nteract/nteract.io,1
tocco/tocco-client,1
nukeop/nuclear,1
appfolio/react-gears,1
qgis/qwc2,1
cloudfoundry-incubator/service-fabrik-broker,1
cozuya/secret-hitler,1
citizenos/citizenos-fe,1
samouss/react-infinite-scroll-list,1
nextcloud/calendar,1
Plataformas-Cidadania/mapa-osc-client,1
Xi-Plus/MediaWiki-Gadget,0
LLK/scratch-gui,1
sverweij/state-machine-cat,1
alphagov/govuk-frontend,1
codaxy/cxjs,1
mendix/docs,1
flash2x/AnnieJS,1
mciucu/stemjs,1
hyperledger/fabric-sdk-node,1
throneteki/throneteki,1
Tradeshift/tradeshift-ui,1
cloudify-cosmo/cloudify-stage,1
hyperledger/blockchain-explorer,1
firewalla/firewalla,1
CCDirectLink/CCLoader,1
HSLdevcom/hsl-map-publisher,1
enactjs/enact,1
openmotics/frontend,1
Dynatrace/agent-nodejs,1
studer-raimann/OpenCast,0
ProseMirror/prosemirror-view,1
nextcloud/passman,1
keenwon/koa-response-jsonp,1
zone-eu/zone-mta,1
byteball/obyte-gui-wallet,1
4Catalyzer/farce,1
nextcloud/spreed,1
serverless/blog,1
apollographql/community,0
mozilla/addons-contribution-notifier,1
lddubeau/versync,1
electron/apps,1
angular/platform-webworker-dynamic-builds,1
FlandersBurger/resume,0
eScholarship/jschol,1
baomidou/mybatis-plus-doc,0
collectionspace/cspace-ui.js,1
UNICEF01/busca-ativa-escolar-web,1
4Catalyzer/found,1
apify/apify-js,1
nextcloud/twofactor_u2f,1
NDLANO/ndla-frontend,1
braintree/braintree-web-drop-in,1
rajpurkar/SQuAD-explorer,1
magda-io/magda,1
telus/tds-core,1
meetup/meetup-web-platform,1
phetsims/gravity-force-lab-basics,1
moaazsidat/react-native-qrcode-scanner,1
IEBH/sra-polyglot,1
kerrishotts/retroputer,0
TheThingsNetwork/docs,0
inkdropapp/docs,1
ckeditor/ckeditor5-markdown-gfm,1
IMISE/snik-cytoscape.js,1
OpenBfS/lada-client,1
byteball/ocore,1
probil/v-mask,1
snyk/broker,1
smartdevicelink/generic_hmi,1
wulkano/Kap,1
TryGhost/Ghost-CLI,1
fedspendingtransparency/usaspending-website,1
OpenDroneMap/WebODM,1
serverless/plugins,1
funsocietyirc/MrNodeBot,1
ui-router/sample-app-react,1
AGProjects/sylk-webrtc,1
unfoldingWord/translationCore,1
paypal/paypal-checkout-components,1
screwdriver-cd/ui,1
OpenZeppelin/openzeppelin-contracts,1
avniproject/avni-client,1
mike-north/ember-ci,1
ckeditor/ckeditor5-core,1
ckeditor/ckeditor5-list,1
ckeditor/ckeditor5-link,1
ckeditor/ckeditor5-clipboard,1
CityOfPhiladelphia/atlas,1
parcelLab/parcelLab-js-plugin,0
optimizely/javascript-sdk,1
WFCD/warframe-worldstate-data,1
chteuchteu/MaterialDesignIcons-Picker,1
plantinformatics/pretzel,1
mdbootstrap/material-design-for-bootstrap,1
nextcloud/files_texteditor,0
programmfabrik/coffeescript-ui,1
isle-project/isle-server,1
mozilla-extensions/webcompat-addon,1
appium/appium-desktop,1
facebook/create-react-app,1
jaywcjlove/awesome-mac,1
nuxeo/doc.nuxeo.com-content,0
janis91/ocr,1
iguanaChart/iguanacharts,1
zenmoney/ZenPlugins,1
zrrrzzt/url-status-code,1
CruGlobal/give-web,1
dart-lang/site-www,1
hovancik/stretchly,1
hypothesis/browser-extension,1
postmanlabs/postman-runtime,1
microsoft/BotFramework-WebChat,1
apache/echarts-doc,1
webex/webex-js-sdk,1
cedardevs/onestop,1
tidepool-org/viz,1
craftercms/studio-ui,1
screwdriver-cd/data-schema,1
netlify-templates/victor-hugo,1
contentful/extensions,1
no23reason/react-geolocated,1
participedia/api,1
appirio-tech/connect-app,1
cast-org/figuration,1
abalabahaha/eris,1
wraithgar/hapi-rate-limit,1
panva/node-openid-client,1
w3c/reffy,1
webpack/webpack.js.org,1
larsha/bolaget.io,1
OpenBazaar/openbazaar-desktop,1
Thorium-Sim/thorium,1
Peergos/web-ui,1
isle-project/isle-editor,1
thm-projects/arsnova-flashcards,1
eggjs/egg,1
ccnmtl/juxtapose,1
chrisguttandin/web-audio-beat-detector,1
plotly/dash-core-components,1
KissKissBankBank/kitten,1
SiLeBAT/fcl-client,1
github/opensource.guide,1
wix/Detox,1
angular/forms-builds,1
18F/fedramp-dashboard,1
walterlv/walterlv.github.io,0
nextcloud/firstrunwizard,0
Techtonica/curriculum,1
sanack/node-jq,1
sketch-hq/SketchAPI,1
topcoder-platform/tc-project-service,0
ProtonMail/WebClient,1
betaflight/betaflight-configurator,1
microsoft/monaco-editor,1
bitrise-io/devcenter,0
IGNF/geoportal-extensions,1
mjeanroy/rollup-plugin-bower-resolve,1
floccusaddon/floccus,1
nextcloud/twofactor_totp,1
mike-north/ember-sharable,1
jupyterlab/jupyterlab,1
TheScienceMuseum/collectionsonline,1
EdgeApp/edge-core-js,1
scality/cloudserver,1
owenroberts/lines,1
reef-pi/reef-pi,1
chrisguttandin/rxjs-broker,1
cca/koha_snippets,1
Wandalen/wConsequence,1
elementor/elementor,1
fenneclab/hugo-bin,1
chrisguttandin/json-midi-encoder,1
odota/web,1
meedan/check-web,1
beakerbrowser/beaker,1
appcelerator/titanium-mobile-mocha-suite,0
inkle/inky,0
screwdriver-cd/screwdriver,1
Wandalen/wTesting,1
outline/outline,1
GPII/gpii-app,1
ccem-dev/otus-client-js,0
onfido/onfido-sdk-ui,1
WFCD/warframe-worldstate-parser,1
portainer/portainer,1
steemit/condenser,1
GlobalFishingWatch/map-client,1
TryGhost/Admin,1
mapcentia/vidi,1
dhis2/tracker-capture-app,1
LLK/scratch-render,1
UziTech/git-menu,1
paazmaya/image-duplicate-remover,1
christophehurpeau/pob,1
plone/volto,1
ChristianMurphy/postcss-combine-duplicated-selectors,0
angular/router-builds,1
angular/common-builds,1
angular/upgrade-builds,1
angular/compiler-builds,1
angular/platform-server-builds,1
angular/platform-browser-dynamic-builds,1
angular/platform-browser-builds,1
nuxeo/doc.nuxeo.com,1
travi/any,1
angular/core-builds,1
4dn-dcic/fourfront,1
zulip/zulip-mobile,1
orbitdb/orbit-db-store,1
sugarshin/blog.sugarshin.net,0
graphql-boilerplates/react-fullstack-graphql,0
ccem-dev/otus-model-js,1
luminati-io/luminati-proxy,1
mozilla-frontend-infra/firefox-health-dashboard,1
ckeditor/ckeditor5-editor-classic,1
DIYgod/DPlayer,1
processing/p5.js-web-editor,1
eoxc/eoxc,1
Kitware/vtk-js,1
mike-north/ember-windoc,1
mike-north/ember-pin,1
appdevdesigns/app_builder,0
greenrobotllc/adserver,1
4Catalyzer/javascript,1
burib/aws-region-table-parser,1
byjay/byjay.github.io,0
ember-template-lint/ember-template-lint,1
iNavFlight/inav-configurator,1
Kong/insomnia,1
nextstrain/auspice,1
ckeditor/ckeditor5-typing,1
Expensify/expensify-common,1
origo-map/origo,1
seek-oss/seek-style-guide,1
wikimedia/mediawiki-extensions-RevisionSlider,1
ckeditor/ckeditor5-enter,1
wavesplatform/WavesExplorerLite,0
SynBioHub/synbiohub,1
kanekotic/oauth-electron-twitter,1
rdmurphy/journalize,1
BrandwatchLtd/axiom-react,0
ezpaarse-project/ezmesure,1
apollographql/react-apollo,1
localnerve/react-pwa-reference,1
higlass/higlass,1
Losant/losant-rest-js,1
dhis2/usage-analytics-app,1
ethereum/remix,1
sindresorhus/eslint-plugin-unicorn,1
foxdonut/meiosis,1
LLK/scratch-vm,1
xing/hops,1
ipld/js-ipld,1
tclindner/npm-package-json-lint,1
ExploreConsulting/netsuite-fasttrack-toolkit-ss2,1
ubergrape/grape-web-client,1
lxerxa/actionview-fe,0
UziTech/number-string,0
telefonicaid/iotagent-ul,1
GoogleChrome/workbox,1
ethereum/solc-js,1
ethereum/solc-bin,1
preactjs/preact-www,1
mikey1384/twinkle-network,0
betaflight/blackbox-log-viewer,1
rhinogram/rhinostyle,0
mdn/browser-compat-data,1
discord/discord-api-docs,0
chrisguttandin/audio-fingerprinting-file-reader,1
jeffjewiss/broccoli-postcss-single,1
github/eslint-plugin-github,1
okTurtles/group-income-simple,1
twi-project/api-service,1
stdlib-js/stdlib,1
liriliri/licia,1
Xtraball/Siberian,1
teppeis/eslint-config-teppeis,1
siutsin/telegram-jung2-bot,1
algolia/places,1
amilajack/js-algorithms,0
decred/dcrweb,0
mozilla/fathom,1
ONLYOFFICE/server,1
ProteinsWebTeam/interpro7-client,1
FooSoft/yomichan,1
orbitdb/ipfs-log,1
ibi-group/datatools-ui,1
openmsupply/mobile,1
ckeditor/ckeditor5-undo,1
bayesimpact/docker-react,1
speckandtech/speckandtech.github.io,0
edm00se/generator-xsp,1
immersive-web/webxr,1
dcos/dcos-website,1
HSLdevcom/digitransit-proxy,1
mike-north/ember-materialize-shim,1
Wandalen/wTools,1
alxshelepenok/gatsby-starter-lumen,1
Laravel-Backpack/CRUD,1
jhipster/jhipster-core,1
ckeditor/ckeditor5-ui,1
ckeditor/ckeditor5-utils,1
GoogleChrome/lighthouse,1
mediacloud/web-tools,1
BoostIO/Boostnote,1
liriliri/eruda,1
fluture-js/Fluture,1
ShelterTechSF/askdarcel-web,1
adoyle-h/Today-I-Learned,1
tsitu/MH-Tools,1
enroute-mobi/chouette-core,1
cjdev/visual-stack,1
wikimedia/mediawiki-extensions-WikibaseMediaInfo,1
anthonyjgrove/react-google-login,1
shipshapecode/ember-math-helpers,1
act-rules/act-rules.github.io,1
iobroker-community-adapters/ioBroker.fhem,1
tentone/nunuStudio,1
mathcoll/t6,1
kanasimi/wikibot,0
trendscenter/coinstac,1
marcusasplund/ionic2-camera-demo,1
pymedusa/medusa.github.io,1
postmanlabs/postman-collection,1
paazmaya/yaml-validator,1
teambition/tb-i18n-loader,0
Qbix/Platform,1
nextcloud/polls,1
facebook/draft-js,1
reactstrap/reactstrap,1
mozilla/addons-frontend,1
dherault/serverless-offline,1
chembl/GLaDOS,1
pinojs/pino,1
postmanlabs/postman-docs,1
salcido/discogs-enhancer,1
parti-coop/catan-web,1
kristerkari/stylelint-scss,1
qooxdoo/qooxdoo-compiler,1
passbolt/passbolt_browser_extension,1
KhronosGroup/Vulkan-Docs,1
stanford-oval/almond-cloud,1
stanford-oval/thingengine-core,1
ManageIQ/manageiq-ui-service,1
mongodb-js/data-service,1
inlife/nexrender,1
grafana/grafana-plugin-repository,0
keenethics/keenethics,0
gpujs/gpu.js,1
thelounge/thelounge,1
MusikAnimal/pageviews,1
studentinsights/studentinsights,1
wikimedia/wikidata-query-gui,1
soruly/anilist-chinese,1
percy/ember-percy,1
wazuh/wazuh-api,1
rei/rei-cedar,1
mjeanroy/bower-npm-resolver,1
genenotebook/genenotebook,1
asciidwango/js-primer,1
DanSnow/vue-recaptcha,1
Automattic/woocommerce-services,1
mozilla/web-ext,1
binary-com/binary-bot,1
react-atomic/react-atomic-organism,1
systemaccounting/mxfactorial,0
davidmerfield/Blot,1
mseminatore/TeslaJS,1
parse-community/parse-server,1
mjmlio/mjml,1
FPGAwars/icestudio,1
jitsi/lib-jitsi-meet,1
oxygenhq/oxygen,1
mozilla/network-pulse,0
BabylonJS/OldDocumentationSite,1
artf/grapesjs,1
ag-grid/ag-grid-react-example,0
ncbi/icn3d,1
meganz/webclient,1
phetsims/masses-and-springs,1
gbif/portal16,1
okonet/lint-staged,1
percy/percy-js,1
comindware/core-ui,1
muffinista/before-dawn,1
cypress-io/cypress-documentation,1
axetroy/blog,0
FlowCrypt/flowcrypt-browser,1
LLK/scratch-blocks,1
openstax/os-webview,0
IMA-WorldHealth/bhima,1
tinode/tinode-js,1
lgaticaq/codigo-postal,1
foray1010/didyoumean2,1
commenthol/date-holidays,1
kogosoftwarellc/open-api,1
tinode/webapp,1
xiaoqiang-zhao/my-cellar,1
circleci/circleci-docs,1
vuejs/vue-cli,0
orbitdb/orbit-db,1
qubyte/qubyte-codes,1
kitspace/kitspace,1
mike-north/ember-pure,1
imgix/drift,1
imgix/luminous,1
Sefaria/Sefaria-iOS,1
hypercore-protocol/hypercore,1
ranisalt/node-argon2,1
rjsf-team/react-jsonschema-form,1
wevote/WebApp,1
sapcc/elektra,1
visgl/deck.gl,1
splitio/javascript-client,1
chrisguttandin/standardized-audio-context,1
Widdershin/cycle-ecosystem,0
Widdershin/rxjs-ecosystem,0
i18next/react-i18next,1
Automattic/wp-desktop,1
instructure/instructure-ui,1
imba/imba.io,1
krausest/js-framework-benchmark,1
SAPDocuments/Tutorials,1
vanruesc/postprocessing,1
appium/appium-xcuitest-driver,1
FelixHenninger/lab.js,1
neos/neos-ui,1
instana/nodejs-sensor,1
kpfefferle/liquid-fire-reveal,1
CommE2E/comm,1
entrylabs/entry-hw,1
fedspendingtransparency/data-act-broker-web-app,1
moment/luxon,1
tudvari/dockerfile-generator,1
pangolinjs/core,1
betajs/betajs-media-components,1
CoorpAcademy/components,1
nuxeo/nuxeo-web-ui,0
OpenOlitor/openolitor-client-admin,1
dteviot/WebToEpub,1
Orange-OpenSource/Orange-Boosted-Bootstrap,1
kingarthas37/order-xinyuanzhijia,0
codeceptjs/CodeceptJS,1
Stremio/stremio-translations,0
twilio/twilio-video.js,1
wikimedia/mediawiki-extensions-ImageTweaks,1
okta/okta-signin-widget,1
ComPlat/chemotion_ELN,1
StreetSupport/streetsupport-web,1
transloadit/uppy,1
suxxes/abroadunderhood,1
CesiumGS/gltf-pipeline,1
kpfefferle/ember-octicons,1
atom/github,1
FrontEndHappyHour/frontendhappyhour.github.io,1
scieloorg/opac,1
ForestAdmin/forest-express-sequelize,1
Automattic/wp-calypso,1
scriptex/dator,1
makeomatic/ms-users,1
sensorsdata/sa-sdk-javascript,1
benji6/imlazy,1
scientilla/scientilla,1
StataBS/indikatoren,1
plotly/plotly.js,1
taion/scroll-behavior,1
telefonicaid/iotagent-json,1
tropy/tropy,1
kpfefferle/ember-cli-deploy-cloudfront,1
mike-north/ember-add-to-homescreen,1
TheSench/SIMSpellstone,1
huridocs/uwazi,1
minbrowser/min,1
tivac/modular-css,1
vuejs/jp.vuejs.org,1
ManifoldScholar/manifold,1
Adslot/adslot-ui,1
kbase/kbase-ui,1
bhovhannes/svg-url-loader,1
owncloud/contacts,1
olifolkerd/tabulator,1
jbhannah/amperize,1
paazmaya/maezato,1
ViBiOh/l3miage,1
terrestris/BasiGX,1
zendeskgarden/stylelint-config,1
lgaticaq/info-rut,1
electron/electron-quick-start,1
biud436/MV,1
taskcluster/azure-entities,1
algolia/expect-jsx,1
algolia/react-element-to-jsx-string,1
EsriJapan/arcgis-dev-resources,1
remoteintech/remote-jobs,1
OHIF/Viewers,1
mendersoftware/gui,1
adblockplus/adblockpluschrome,1
bitshares/bitshares-ui,1
thisconnect/fildes,1
CANDY-LINE/candy-red,1
formio/formio,1
o2team/o2team.github.io,1
pfitzpaddy/ngm-reportHub,1
DominicTobias/react-image-crop,1
mattermost/desktop,1
ember-cli/ember-exam,1
digidem/mapeo-mobile,1
visgl/react-map-gl,1
chrisguttandin/metadata-detector,1
twreporter/twreporter-react,1
alphagov/pay-selfservice,1
wikimedia/mediawiki-extensions-Kartographer,1
DataTables/Dist-DataTables-Foundation,1
Tiny-Hands/tinyhands-client,0
quasarframework/quasar,1
borisschapira/boris.schapira.dev,1
fauna/faunadb-js,1
strapi/strapi,1
AMPATH/etl-rest-server,1
web-push-libs/web-push,1
binary-com/webtrader,0
LivelyKernel/lively4-core,1
hoge1e3/jslesson,0
zrrrzzt/html-validator-cli,1
microsoft/vscode-generator-code,1
cibernox/ember-power-select,1
iTowns/itowns,1
isb-cgc/ISB-CGC-Webapp,1
formio/formio.js,0
imgix/react-imgix,1
single-spa/single-spa,1
First-Peoples-Cultural-Council/fv-web-ui,1
silverstripe/silverstripe-asset-admin,1
dhis2/d2-ui,1
TeamFleet/WhoCallsTheFleet-DB,0
wikimedia/portals,1
flow-typed/flow-typed,1
camunda/camunda-modeler,1
gajus/eslint-plugin-jsdoc,1
scality/Arsenal,1
aframevr/aframe,1
parse-community/Parse-SDK-JS,1
dxw/playbook,0
mozilla/addons-linter,1
dhis2/maintenance-app,1
u-wave/web,1
preactjs/preact,1
Availity/availity-workflow,1
davidmintz/court-interpreters-office,1
relay-tools/relay-local-schema,1
sugarlabs/musicblocks,1
taion/relay-todomvc,1
MetaMask/metamask-extension,1
midzer/eisolzried,0
brookhong/Surfingkeys,1
Sage/carbon,1
owncloud/calendar,1
ampproject/amphtml,1
salesforce-ux/design-system,1
appium/appium-uiautomator2-driver,1
Viglino/ol-ext,1
LLK/scratch-www,1
mParticle/mparticle-web-sdk,1
arlac77/pratt-parser,1
wuct/react-c3-component,1
QuantiModo/quantimodo-android-chrome-ios-web-app,1
CodingTrain/website,1
adblockplus/adblockpluscore,1
jquense/react-big-calendar,1
datafruits/datafruits,1
zendeskgarden/eslint-config,1
kuzzleio/kuzzle,1
PerBothner/DomTerm,1
nicholasadamou/starter-kit,1
neos/neos,1
fecgov/fec-cms,1
runelite/runelite.net,1
salesforce/design-system-react,1
nasa/earthdata-search,1
facebook/relay,1
discordjs/discord.js,1
AuspeXeu/openvpn-status,0
conventional-changelog/conventional-commits-detector,1
kuzzleio/sdk-javascript,1
guardian/facia-tool,1
cybernetisk/internsystem-frontend,1
redux-form/redux-form,1
DesignSafe-CI/portal,1
appium/appium-android-driver,1
patternfly/patternfly-org,0
alphagov/pay-frontend,1
informatics-isi-edu/ermrestjs,1
arackaf/booklist,0
libp2p/js-libp2p,1
JunoLab/atom-ink,1
ProjectSidewalk/SidewalkWebpage,1
libamtrack/web,1
gatsbyjs/gatsby-starter-blog,0
nextcloud/logreader,0
popcodeorg/popcode,1
geosolutions-it/MapStore2,1
prebid/Prebid.js,1
be5invis/Iosevka,1
JunoLab/atom-julia-client,1
WordPress-Coding-Standards/stylelint-config-wordpress,1
duniter/cesium,1
apHarmony/jsharmony,1
FreeFeed/freefeed-react-client,1
reduxjs/react-redux,1
Rise-Vision/rise-vision-apps,1
bsherin/tactic,1
DataUSA/datausa-site,0
Opentrons/opentrons,1
algolia/eslint-config-algolia,1
nossas/bonde,1
FormidableLabs/victory,1
Terreii/andromeda-viewer,1
UMN-LATIS/elevator,1
graphql/graphql-js,1
FormidableLabs/spectacle,1
grantila/awesome-phonenumber,1
ofrohn/ofrohn.github.io,1
trufflesuite/truffle,1
aquasecurity/cloudsploit,1
DFID/devtracker-from-api,1
volumio/Volumio2-UI,0
chrisguttandin/midi-json-parser,1
chrisguttandin/midi-player,1
chrisguttandin/midi-file-slicer,1
naptha/tesseract.js,1
ssbc/patchwork,1
appium/appium-remote-debugger,1
mesosphere/reactjs-components,1
cloudify-cosmo/docs.getcloudify.org,1
processing/p5.js-website,1
entrylabs/entryjs,1
nodejs/nodejs.org,1
gravitee-io/gravitee.io,1
cvgellhorn/webpack-boilerplate,1
ngageoint/hootenanny-ui,1
catarse/catarse.js,1
chrisguttandin/dynamo-db-local,1
dequelabs/axe-core,1
blockstack/blockstack.org,0
matrix-org/matrix-react-sdk,1
bids-standard/bids-validator,1
hyperledger/burrow,1
rtfeldman/node-test-runner,1
simonknittel/static-site-generator,1
ember-cli/babel-plugin-filter-imports,1
arlac77/uti,1
RestyaPlatform/board,1
DevExpress/testcafe-hammerhead,1
mozilla/fxa,1
ForestAdmin/forest-express-mongoose,1
imgix/js-core,1
nasa/openmct,1
ClinGen/clincoded,1
mike-north/ember-orientation,1
Tencent/omi,1
quisquous/cactbot,1
ipfs-shipyard/ipfs-desktop,1
asamuzaK/withExEditor,1
ghaiklor/generator-es6-npm-module,1
18F/federalist,1
wfp/ui,1
mjeanroy/karma-json-preprocessor,1
baukh789/GridManager,1
minio/minio-js,1
gatsbyjs/gatsby,1
KorAP/Kalamar,1
appium/appium-base-driver,1
inaturalist/iNaturalistAPI,1
RocketChat/Rocket.Chat,1
opencollective/opencollective-api,1
maoruibin/maoruibin.github.com,1
virtUOS/courseware,1
tradle/tim,1
ow2-proactive/studio,1
rollup/rollup,1
nowsecure/r2frida,1
particle-iot/particle-cli,1
esbanarango/ember-model-validator,1
UDA-EJIE/udaRUP,1
blakearchive/archive,1
FreeFeed/freefeed-server,1
ghaiklor/sails-service-pusher,1
ghaiklor/sails-service-payment,1
ghaiklor/sails-service-social,1
ghaiklor/sails-service-hash,1
ember-cli/babel-plugin-htmlbars-inline-precompile,0
apache/echarts-www,1
webtorrent/webtorrent-desktop,1
hackmdio/codimd,1
GoogleCloudPlatform/nodejs-docs-samples,1
poooi/poi,1
informatics-isi-edu/chaise,1
particle-iot/docs,1
OzzyCzech/ozzyczech.cz,0
PATRIC3/p3_web,1
pliablepixels/zmNinja,1
oknosoft/windowbuilder,1
eea/eea.searchserver.js,0
bonitasoft/bonita-doc,0
serverless/serverless,1
Alhadis/.atom,1
DevExpress/testcafe,1
travi-org/admin.travi.org,1
Vincit/objection.js,1
LedgerHQ/ledgerjs,1
auth0/docs,1
thx/chartx,0
TeselaGen/openVectorEditor,1
codefresh-io/cli,1
phetsims/gene-expression-essentials,1
jupyter/notebook,1
stellar/js-stellar-sdk,1
root-project/jsroot,1
KC3Kai/KC3Kai,1
uweb/be-boundless,0
Caltech-IPAC/firefly,1
formio/ngFormio,1
zestia/ember-twitter-entities,1
BuildFire/sdk,1
department-of-veterans-affairs/vets-website,1
CoinSpace/CoinSpace,1
HSLdevcom/digitransit-ui,1
jeffjewiss/broccoli-postcss,1
vivaxy/course,1
grommet/grommet,1
laat/fnr.js,0
PrismarineJS/minecraft-data,0
batazor/flux-chat,0
electron/electronjs.org,1
ppoffice/hexo-theme-icarus,1
soajs/soajs.controller,1
iVis-at-Bilkent/sbgnviz.js,1
wikimedia/mobileapps,1
shipshapecode/ember-shepherd,1
ucscXena/ucsc-xena-client,1
DavidAnson/markdownlint,1
TeamFleet/WhoCallsTheFleet,1
ember-cli/ember-fetch,1
simonkberg/simon-kjellberg,0
avwo/whistle,1
CoderDojo/cp-zen-platform,1
karen-irc/option-t,1
AdguardTeam/AdguardBrowserExtension,1
aurelia/cli,1
yiminghe/async-validator,1
cronvel/rest-query,1
soajs/soajs,1
soajs/soajs.urac,1
soajs/soajs.dashboard,1
soajs/soajs.oauth,1
cypress-io/cypress,1
vitaly-t/pg-promise,1
matrix-org/matrix-js-sdk,1
ChromeDevTools/debugger-protocol-viewer,1
mongodb-js/compass,1
unexpectedjs/unexpected-dom,1
Adyen/adyen-salesforce-commerce-cloud,1
v-l-m/vlm,1
barchart/marketdata-api-js,1
nuxeo/nuxeo-elements,1
APIs-guru/openapi-directory,1
trezor/connect,1
airbnb/lottie-web,1
cloudcmd/dword,1
frappe/frappe_io,1
ONSdigital/florence,1
CagetteNet/cagette,1
thoughtworks/tramchester,1
rebassjs/rebass,1
eweitz/ideogram,1
inventaire/inventaire,1
ember-intl/ember-intl,1
streamr-dev/streamr-client-javascript,1
BanManagement/BanManager-WebUI,1
CometVisu/CometVisu,1
microsoft/TypeScript-wiki,1
kaliber5/ember-bootstrap,1
netlify/netlify-cms,1
kaltura/KalturaGeneratedAPIClientsNodeJS,1
nwjs/npm-installer,0
Financial-Times/o-ads,0
jpaulm/jsfbp,1
cedx/gulp-david,1
terser/terser,1
ofrohn/d3-celestial,1
facebook/react-native,1
konvajs/konva,1
ckeditor/ckeditor5-engine,1
phetsims/projectile-motion,1
cozy/cozy-ui,1
phetsims/bending-light,1
sweetalert2/sweetalert2,1
hijiangtao/hijiangtao.github.io,1
zrrrzzt/osanywhereweather,1
willianjusten/willianjusten.com.br,0
Roll20/roll20-api-scripts,1
qubyte/fetch-ponyfill,1
appium/appium-support,1
bookbrainz/bookbrainz-site,1
freeCodeCamp/freeCodeCamp,1
namics/generator-nitro,1
heroku/cli,1
hexojs/hexo-util,1
google/shaka-player,1
fastmail/overture,1
Flexberry/ember-flexberry,1
rancher/ui,1
lucienimmink/WinMusicDB2,0
mapseed/platform,1
gulp-elm/gulp-elm,0
nwjs/website,0
irislib/iris-lib,1
Gomasy/portfolio,0
aurelia/framework,1
exceljs/exceljs,1
volumio/Volumio2,1
glayzzle/php-parser,1
appium/appium-chromedriver,1
stylelint/stylelint,1
react-materialize/react-materialize,1
cljsjs/packages,1
chromium/hterm,1
SlovakNationalGallery/webumenia.sk,1
cycle263/blogs,0
wikimedia/mediawiki-extensions-Cargo,1
SAP/karma-ui5,1
rapidpro/rapidpro,1
w3c/spec-generator,1
ccnmtl/tobaccocessation,1
avajs/ava,1
flowtype/flow-bin,1
spencermountain/wtf_wikipedia,0
pantheon-systems/documentation,1
congrea/virtualclass,1
evt-project/evt-viewer,1
odf/webGavrog,1
shadowsocks/shadowsocks-manager,1
thabz/Kalliope,1
jsfront/month,1
alan-wu/ZincJS,1
babel/website,1
johman10/JusTab,0
nhoizey/nicolas-hoizey.com,0
cla-assistant/cla-assistant,1
PlayFab/NodeSDK,1
appknox/irene,1
KillerCodeMonkey/ng-quill,1
ccnmtl/footprints,1
mermaid-js/mermaid,1
tilosradio/web2-frontend,1
xwiki-labs/cryptpad,1
phetsims/capacitor-lab-basics,1
lhncbc/lforms,1
StraboSpot/strabo-mobile,1
timbru31/quickjira,1
phetsims/charges-and-fields,1
webkom/lego-webapp,1
BranchMetrics/web-branch-deep-linking-attribution,1
netlify/cli,1
leancloud/docs,1
openwrt/luci,1
TryGhost/gscan,1
SAP/grunt-openui5,1
SAP/connect-openui5,1
SAP/less-openui5,1
date-fns/date-fns,1
tavikukko/Chrome-SP-Editor,0
chrisguttandin/worker-timers,1
NCI-GDC/portal-ui,1
Geoportail-Luxembourg/geoportailv3,1
ChainSafe/web3.js,1
ericmandel/js9,0
jeffpar/pcjs.v1,1
ipfs-shipyard/ipfs-webui,1
ember-cli/ember-cli-htmlbars,1
Kloudless/file-picker,1
openstax/tutor-js,1
bkimminich/juice-shop,1
semantic-release/semantic-release,0
AmauriC/tarteaucitron.js,1
nextcloud/ocsms,1
noobaa/noobaa-core,1
concur/developer.concur.com,1
ilios/frontend,1
datastax/nodejs-driver,1
remy/remysharp.com,0
joyent/sdc-headnode,1
odota/core,1
joyent/sdcadm,1
phetsims/energy-forms-and-changes,1
alephdata/aleph,1
cozy-labs/cozy-desktop,1
joyent/sdc-manta,1
JedWatson/react-select,1
igvteam/igv.js,1
d0evi1/d0evi1.github.io,1
ioBroker/ioBroker.javascript,1
ioBroker/ioBroker.admin,1
wikimedia/mediawiki-extensions-CodeMirror,1
mui-org/material-ui,1
framework7io/framework7-website,0
griffithlab/civic-client,1
auth0/lock,1
wikimedia/mediawiki-extensions-Graph,1
ska-sa/katgui,0
aredotna/ervell,1
amark/gun,1
kkapsner/CanvasBlocker,1
yjs/yjs,1
tutao/tutanota,1
GameDistribution/GD-HTML5,1
ioBroker/ioBroker.js-controller,1
ushahidi/platform-client,1
ioBroker/ioBroker.hm-rpc,1
kenrick95/twinkle,1
gaearon/react-hot-loader,1
SignalK/signalk-server,1
SVG-Edit/svgedit,1
ONRR/doi-extractives-data,1
ctrlo/GADS,1
Munter/hyperlink,1
noahsark769/noahgilmore.com,0
linagora/openpaas-esn,1
fent/node-ytdl-core,1
silverwind/oui,1
epochtalk/epochtalk,1
binary-com/binary-static,1
feross/simple-peer,1
alphagov/govuk-prototype-kit,1
Hacker0x01/react-datepicker,1
mjeanroy/jasmine-utils,1
wikimedia/mediawiki-extensions-Citoid,1
lamassu/lamassu-machine,1
aarongustafson/aaron-gustafson.com,0
guyellis/http-status-check,1
tidepool-org/uploader,1
WPGlobus/WPGlobus,1
apostrophecms/apostrophe-workflow,1
kbase/narrative,1
ipfs/js-ipfs,1
sqlpad/sqlpad,1
phetsims/fluid-pressure-and-flow,1
camptocamp/ngeo,1
nightscout/cgm-remote-monitor,1
PrairieLearn/PrairieLearn,1
phetsims/circuit-construction-kit-common,1
ezpaarse-project/ezpaarse-platforms,1
isaacphysics/isaac-app,1
inventaire/inventaire-client,1
ReactTraining/react-router,1
eclipsesource/tabris-js,1
enketo/enketo-express,1
playcanvas/engine,1
keenwon/jqPaginator,1
tinymce/tinymce-dist,1
zooniverse/Panoptes-Front-End,1
AtomLinter/linter-coffeelint,0
codevise/pageflow,1
swagger-api/swagger-editor,1
kazupon/vue-i18n,1
josdejong/workerpool,1
night/betterttv,1
brownplt/code.pyret.org,1
marklogic/node-client-api,1
skyhacker2/skyhacker2.github.com,0
netlify/staticgen,1
ProjectMirador/mirador,1
nasa-gibs/worldview,1
wikimedia/restbase,1
marekdedic/imagelightbox,1
electerious/Ackee,1
avalanche-canada/ac-web,1
sneakypete81/updatescanner,1
jean-emmanuel/open-stage-control,1
cornerstonejs/cornerstoneTools,1
NorthwoodsSoftware/GoJS,1
jwplayer/jwplayer,1
h5p/h5p-course-presentation,1
overleaf/translations,1
oskariorg/oskari-docs,1
zrrrzzt/html-validator,1
Codeinwp/tweet-old-post,1
egy186/icojs,1
MetaSolutionsAB/entrystore.js,1
yasuyuky/transient-emacs,1
jshttp/statuses,1
bpmn-io/bpmn-js,1
postmanlabs/newman,1
phetsims/griddle,1
appium/appium-adb,1
ripple/xrpl-dev-portal,1
phetsims/arithmetic,1
TerriaJS/terriajs,1
signalapp/Signal-Desktop,1
emberjs/ember-qunit,1
framework7io/framework7,1
adsabs/bumblebee,1
yowainwright/yowainwright.github.io,1
MichMich/MagicMirror,1
mWater/mwater-forms,1
RunestoneInteractive/RunestoneComponents,1
cure53/DOMPurify,1
egret-labs/egret-core,1
overleaf/web,1
overleaf/document-updater,1
aerospike/aerospike-client-nodejs,1
openaddresses/openaddresses,1
wikimedia/mediawiki-extensions-Popups,1
magfest/ubersystem,1
telerik/kendo-ui-core,1
vseryakov/backendjs,1
LearningLocker/learninglocker,1
ivolo/disposable-email-domains,0
nrenner/brouter-web,1
dondi/GRNsight,1
tc39/test262,1
wekan/wekan,1
smashwilson/pushbot,0
release-it/release-it,0
OpenKnowledgeMaps/Headstart,1
tidepool-org/blip,1
MadKudu/node-hubspot,1
eslint/website,1
lamassu/lamassu-server,1
marko-js/marko,1
jimniels/blog,0
vuejs/vuejs.org,1
CalderaWP/Caldera-Forms,1
ethereum/tests,1
react-bootstrap/react-bootstrap,1
OctoLinker/OctoLinker,1
SortableJS/Sortable,1
elasticsearch-dump/elasticsearch-dump,1
cedx/akismet.js,1
shipshapecode/shepherd,1
bitpay/bitcore,1
wikimedia/VisualEditor,1
jitsi/jitsi-meet,1
drikin/backspace,1
paulrosen/abcjs,1
devinit/D-Portal,1
vuejs/vue-router,1
SAP/openui5,1
cleanflight/cleanflight-configurator,1
DanmarksAdresser/Dawa,1
hoge1e3/Tonyu2,1
jhipster/jhipster.github.io,1
libccy/noname,1
up-for-grabs/up-for-grabs.net,1
ianwremmel/browser-ruler,0
JetBrains/kotlin-web-site,1
llaske/sugarizer,1
sem-js/semjs-slides,0
morkai/walkner-wmes,1
yargs/yargs,1
wikimedia/oojs-ui,1
OpenUserJS/OpenUserJS.org,1
libapps/libapps-mirror,1
ember-cli/ember-cli,1
cockpit-project/cockpit,1
ember-cli/ember-resolver,1
bbyars/mountebank,1
google/blockly,1
pattern-lab/patternlab-node,1
osmlab/name-suggestion-index,1
edusoho/edusoho,1
jhipster/generator-jhipster,1
sue445/chrome-gitlab-notifier,1
webtorrent/webtorrent,1
agentejo/cockpit,1
wikimedia/mediawiki-extensions-ContentTranslation,1
bbc/peaks.js,1
easysoft/zui,1
concord-consortium/codap,1
adaptlearning/adapt_framework,1
eBay/skin,1
brion/ogv.js,1
mapcentia/geocloud2,1
phetsims/friction,1
ionic-team/ionic-site,1
riot/riot,1
auth0/auth0.js,1
node-red/node-red-nodes,1
espruino/EspruinoDocs,1
reactioncommerce/reaction,1
polimediaupv/paella,1
silvenon/silvenon.com,1
enketo/enketo-core,1
raineorshine/npm-check-updates,1
node-red/node-red,1
nextgis/nextgisweb,1
violentmonkey/violentmonkey,1
simplabs/ember-simple-auth,1
altanai/webrtcdevelopment,1
sitespeedio/browsertime,1
wenzhixin/bootstrap-table,1
lovell/sharp,1
machal/prirucka,0
google/closure-library,1
openglobus/openglobus,1
phetsims/gravity-and-orbits,1
tegapp/teg,1
wikimedia/mediawiki-extensions-MultimediaViewer,1
foray1010/Popup-my-Bookmarks,1
glennjones/hapi-swagger,1
vuejs/vue,1
fiduswriter/fiduswriter,1
ShieldBattery/ShieldBattery,1
imgix/imgix.js,1
sandialabs/slycat,1
phetsims/gravity-force-lab,1
EFForg/privacybadger,1
yazz/visualjavascript,0
KaTeX/KaTeX,1
wikimedia/mediawiki-extensions-PronunciationRecording,1
eslint/eslint,1
OptimalBits/bull,1
DataTables/DataTablesSrc,1
radogado/niui,1
haxelime/lime,1
ramda/ramda,1
elastic/elasticsearch-js,1
kentcdodds/kentcdodds.com,0
satorumurmur/bibi,1
wikimedia/pywikibot-i18n,0
davidjbradshaw/iframe-resizer,1
timbeadle/grunt-tv4,1
yeastgenome/SGDFrontend,1
phetsims/axon,1
toggl/toggl-button,1
geoadmin/mf-geoadmin3,1
RubyNepal/rubynepal.github.io,1
opengaming/osgameclones,1
facebook/react,1
phetsims/molarity,1
tc39/agendas,0
tryton/sao,1
Unitech/pm2,1
strongloop/loopback-datasource-juggler,1
open-xml-templating/docxtemplater,1
tobie/specref,1
systemjs/systemjs,1
phetsims/chipper,1
TryGhost/Ghost,1
summernote/summernote,1
popeindustries/inline-source,1
NodeBB/NodeBB,1
phetsims/joist,1
bower/bower.github.io,0
sidorares/node-mysql2,1
unexpectedjs/unexpected,1
wikimedia/mediawiki-extensions-MsUpload,1
photonstorm/phaser,1
bkleinen/bkleinen.github.io,1
complexdatacollective/Interviewer,1
abilian/abilian-core,1
phetsims/sun,1
jquery/meetings.jquery.org,1
gorgias/gorgias-templates,1
phetsims/balloons-and-static-electricity,1
phetsims/phet-core,1
chartjs/Chart.js,1
osmlab/editor-layer-index,1
phetsims/scenery-phet,1
mapbox/mapbox-gl-js,1
phetsims/build-a-molecule,1
mozilla/treeherder,1
processing/p5.js,1
phetsims/forces-and-motion-basics,1
EsotericSoftware/spine-runtimes,1
mbloch/mapshaper,1
twilio/twilio-node,1
pombase/canto,1
mar10/fancytree,1
josdejong/mathjs,1
rooseveltframework/roosevelt,1
phetsims/beers-law-lab,1
apostrophecms/apostrophe,1
phetsims/ohms-law,1
vatesfr/xen-orchestra,1
wikimedia/mediawiki-extensions-TemplateData,1
vega/vega,1
badges/shields,1
emberjs/ember-inspector,1
phetsims/build-an-atom,1
writethedocs/www,1
11ways/hawkejs,1
streetmix/streetmix,1
appium/appium,1
peter-murray/node-hue-api,1
newrelic/node-newrelic,1
mobilemind/js2uri,1
knex/knex,1
ajax333221/isepic-chess,1
phetsims/scenery,1
totaljs/framework,1
phetsims/phetcommon,1
wikimedia/mediawiki-extensions-GuidedTour,1
rollbar/rollbar.js,1
papandreou/node-pngquant,1
papandreou/node-optipng,1
zotero/web-library,1
ckeditor/ckeditor4-docs,1
simple-icons/simple-icons,1
ably/ably-js,1
Dash-Industry-Forum/dash.js,1
wikimedia/mediawiki-extensions-VisualEditor,1
wikimedia/mediawiki-extensions-MobileFrontend,1
wikimedia/mediawiki-extensions-UploadWizard,1
wikimedia/mediawiki-extensions-TimedMediaHandler,1
wikimedia/mediawiki-extensions-WikiEditor,1
wikimedia/mediawiki-extensions-WikiLove,1
wikimedia/mediawiki-extensions-Cite,1
wikimedia/mediawiki-extensions-RelatedArticles,1
wikimedia/mediawiki-extensions-CodeEditor,1
ChristopherBiscardi/christopherbiscardi.github.com,0
2600hz/monster-ui,1
ericluo/ericluo.github.com,1
hexojs/hexo,1
webpack/webpack-dev-server,1
sideway/joi,1
VulcanJS/Vulcan,1
uploadcare/uploadcare-widget,1
aws/aws-sdk-js,1
mailvelope/mailvelope,1
oskariorg/oskari-frontend,1
wikimedia/jquery.uls,1
semantic-machines/veda,0
webpack/webpack-dev-middleware,1
conversejs/converse.js,1
openstreetmap/iD,1
PrismJS/prism,1
arkime/arkime,1
CartoDB/cartodb,1
sitespeedio/sitespeed.io,1
insideout10/wordlift-plugin,1
openlayers/openlayers,1
joeferner/redis-commander,1
travis-ci/travis-web,1
sendgrid/docs,1
MaxCDN/bootstrapcdn,1
coderaiser/cloudcmd,1
mapbox/carmen,1
benswift/benswift.github.io,0
HabitRPG/habitica,1
skulpt/skulpt,1
Countly/countly-server,1
Pelican-Elegant/elegant,1
compiler-explorer/compiler-explorer,1
Vizzuality/gfw,1
scalableminds/webknossos,1
w3c/respec,1
kana/hatokurandom,1
josdejong/jsoneditor,1
PathwayCommons/factoid,1
nolimits4web/swiper,1
webpack/webpack,1
GPII/universal,1
GPII/windows,1
select2/select2,1
katspaugh/wavesurfer.js,1
CesiumGS/cesium,1
firefox-devtools/profiler,1
nodeGame/nodegame-widgets,1
itteco/iframely,1
kaltura/mwEmbed,1
thomaspark/bootswatch,1
MONEI/Shopify-api-node,1
Fyrd/caniuse,1
atom/atom,1
nwjs/nw.js,1
emberjs/data,1
i18next/i18next,1
jsplumb/jsplumb,1
linkeddata/rdflib.js,1
DataDog/documentation,1
TechnicalPursuit/TIBET,1
beefproject/beef,1
Jermolene/TiddlyWiki5,0
unl/wdntemplates,0
openpgpjs/openpgpjs,1
websockets/ws,1
medic/cht-core,1
honestbleeps/Reddit-Enhancement-Suite,1
zotero/zotero,1
onigoetz/Comics-Reader,1
twigjs/twig.js,1
jpalardy/home,1
stripe/stripe-node,1
telegeography/www.submarinecablemap.com,0
Sefaria/Sefaria-Project,1
CartoDB/Windshaft-cartodb,1
ccnmtl/mvsim,1
cytoscape/cytoscape.js,1
digitalbazaar/jsonld.js,1
kanasimi/CeJS,1
tj/commander.js,1
twbs/bootstrap,1
copenhagenjs/copenhagenjs.dk,0
recurly/recurly-js,1
Patternslib/Patterns,1
spencermountain/compromise,1
CartoDB/CartoDB-SQL-API,1
zotero/translators,0
assetgraph/assetgraph-builder,1
nfriedly/facebook-js-sdk,0
hakimel/reveal.js,1
srod/node-minify,1
emberjs/ember.js,1
handsontable/handsontable,1
mozilla/pdf.js,1
vitmalina/w2ui,1
BradMcGonigle/bradmcgonigle,1
haraka/Haraka,1
mochajs/mocha,1
wikimedia-gadgets/twinkle,1
jcubic/jquery.terminal,1
mozilla/pontoon,1
assetgraph/assetgraph,1
catmaid/CATMAID,0
codemirror/CodeMirror,1
highlightjs/highlight.js,1
lutzroeder/netron,1
Studio-42/elFinder,1
ajaxorg/ace,1
brianc/node-postgres,1
validatorjs/validator.js,1
RobinHerbots/Inputmask,1
gildas-lormeau/SingleFile,1
handlebars-lang/handlebars.js,1
mediaelement/mediaelement,1
sequelize/sequelize,1
web-scrobbler/web-scrobbler,1
octokit/rest.js,1
novnc/noVNC,1
Automattic/mongoose,1
mrdoob/three.js,1
qooxdoo/qooxdoo,1
AliasIO/wappalyzer,1
log4js-node/log4js-node,1
mongodb/node-mongodb-native,1
ccnmtl/mediathread,1
MrRio/jsPDF,1
Modernizr/Modernizr,1
clientIO/joint,1
inaturalist/inaturalist,1
jquery/jquery,1
ccnmtl/smart_sa,1
ai/sitnik.ru,1
GMOD/jbrowse,1
jasmine/jasmine,1
