,repository
0,b2wads/grimorio-ui
1,idena-network/idena-desktop
2,rand256/valetudo
3,vpython/glowscript
4,hive-engine/nitrous
5,grommet/grommet-designer
6,airswap/AirSwap.js
7,wordproof/wordproof-timestamp
8,JuanIrache/gopro-telemetry
9,linode/developers
10,mobxjs/mst-gql
11,poanetwork/tokenbridge
12,binary-com/deriv-app
13,RedHatInsights/frontend-components
14,rage/concepts
15,CodyJasonBennett/portfolio
16,replicatedhq/kotsadm
17,gab-ai-inc/defiant-browser
18,tacoinfra/developers.tezos.com
19,voluntarily/vly2
20,HumanRightsMeasurementInitiative/hrmi-dataportal
21,Terralego/terra-front
22,yafp/ttth
23,DeyLak/redux-restify
24,biuuu/ShinyColors
25,aws-amplify/community
26,casual-simulation/casualos
27,carbon-design-system/gatsby-theme-carbon
28,ministryofjustice/hmpps-book-secure-move-frontend
29,offen/offen
30,w3f/polkadot-deployer
31,UKHomeOffice/ref-data-api
32,LIu-FengMing/codegame-
33,zebrunner/reporting-ui
34,react-native-mapbox-gl/maps
35,dekdevy/hordes-loc
36,accordproject/cicero-ui
37,SofthouseVxo/Education
38,spring-io/dataflow.spring.io
39,glin/reactable
40,hktrpg/TG.line.Discord.Roll.Bot
41,wanbo-chain/h2-elements
42,react-native-tvos/react-native-tvos
43,rainbow-me/rainbow
44,the-labo/the
45,LeedsJS/website
46,brainstormforce/ultimate-addons-for-gutenberg
48,Samsung/TAU
49,typpo/quickchart
50,steedos/steedos-platform
51,Yoast/javascript
52,jsxcad/JSxCAD
53,bcye/Hello-Goodbye
54,codypearce/material-bread
55,zilpay/zil-pay
56,uc-cdis/guppy
57,reactjs/gu.reactjs.org
58,viz-centric/flair-bi
59,viz-centric/flair-notifications
60,theDavidBarton/puppeteer-daily-menu-scraper
61,drzzle-app/picazzo
62,react-native-community/rn-diff-purge
63,AdguardTeam/Scriptlets
64,RedHatInsights/tower-analytics-frontend
65,City-of-Helsinki/servicemap-ui
66,strapi/foodadvisor
67,team-friendo/signalboost
68,caffeinum/upme-plus
69,den19980107/nkust-online-study
70,goabstract/Awesome-Design-Tools
71,GetStream/stream-chat-react
72,indsante/Documentation-SNDS
73,valueflows/vf-graphql
74,kiwiirc/kiwibnc
75,OvidijusParsiunas/myvision
76,blobfysh/Lootcord
77,reactjs/reactjs.org-translation
78,Coding-Coach/find-a-mentor
79,refugies-info/karfur
80,internetarchive/iaux
81,halfnelson/svelte-native
82,politics-rewired/Spoke
83,googleads/publisher-ads-lighthouse-plugin
84,SAP/ui5-webcomponents
85,algenty/grafana-flowcharting
86,ventureum/Chainsfr
88,ocius/website
89,athomasoriginal/blog
90,didi/chameleon
91,RecallGraph/RecallGraph
92,beaverbuilder/assistant
93,GoodDollar/GoodServer
94,protectwise/troika
95,istreamlabs/pebble
96,wirecard/merchant-documentation-gateway
97,BryanAdamss/vue-awesome-template
98,TaleLin/lin-ui
99,catho/quantum
100,sillvva/rpg-schedule
101,ArcBlock/forge-js
102,StraboSpot/StraboSpot-Mobile
103,liferay/liferay-npm-tools
104,vulturno/vulturno
105,wubaiqing/zaobao
106,sanusart/react-dropdown-select
107,F5Networks/f5-declarative-onboarding
108,imvetri/ui-editor
109,ronggang/PT-Plugin-Plus
110,carbon-design-system/carbon-addons-iot-react
111,nib-edit/Nib
112,rob-balfre/svelte-select
113,FundacionParaguaya/stoplight-web
114,cruise-automation/webviz
115,unchainedshop/unchained
116,santiment/app
117,SPLA/VARIAMOS-WEB
118,OpenZeppelin/openzeppelin-test-helpers
119,DDDEastMidlandsLimited/dddem-web
120,moneybutton/bsv
121,makerdao/mcd-cdp-portal
122,kartverket/Geonorge.Kartkatalog.React
123,cylc/cylc-ui
124,sharetribe/flex-docs
125,bufferapp/ui
126,bigbluebutton/bbb-webrtc-sfu
127,MaayanLab/signature-commons-ui
129,Tradeshift/elements
130,daostack/migration
131,welldone-software/why-did-you-render
132,brillout/wildcard-api
133,storybookjs/frontpage
134,poanetwork/posdao-contracts
135,CyberCRI/learn-ext
136,lino-framework/react
137,katai5plate/RPGMV-CoreScript-Reference
138,MikaelMayer/Editor
139,smeup/ketchup
140,CalvinVon/dalao-proxy
141,tecsinapse/ui-kit
142,ovh/manager
144,Waiviogit/waivio
145,dwp/govuk-casa
146,wu-yu-xuan/blog.mscorlib.top
147,monero-ecosystem/monero-javascript
148,carbon-design-system/carbon-components-vue
149,Laboralphy/o876-raycaster-engine
150,MoTrPAC/motrpac-frontend
151,opentargets/platform-app
152,CatalysmsServerManager/7-days-to-die-server-manager
153,seatsio/seatsio-js
154,IBM/openapi-validator
155,TankerHQ/sdk-js
157,lttb/reshadow
158,medialab/website
159,mtgjson/mtgjson-website
160,tailwindtoolbox/TailwindToolbox
161,inaturalist/SeekReactNative
162,Haehnchen/crypto-trading-bot
164,twilio/twilio-cli
165,testing-library/user-event
166,EdgeApp/edge-currency-accountbased
167,fortinet/fortigate-autoscale
168,TarsCloud/TarsWeb
169,streamr-dev/broker
170,keyboardio/Chrysalis
171,lannonbr/vscode-issue-tracker
172,maxjeffwell/full-stack-capstone-client
173,goabstract/abstract-sdk
174,visgl/loaders.gl
175,RebusFoundation/reader-api
176,EDM-Spot/OtterBot
177,ucfopen/Obojobo
178,acl-services/paprika
179,Neko250/rlspain
180,nexxtway/react-rainbow
181,atomicojs/atomico
182,vck3000/ProAvalon
183,totvs/ttalk-standard-message
184,rabiran/karting
185,bchiang7/v4
186,integr8ly/tutorial-web-app
187,Kommunicate-io/Kommunicate-Web-SDK
188,integromat/vscode-apps-sdk
189,entrylabs/entry-tool
190,lane711/sonicjs
191,mika-cn/maoxian-web-clipper
192,sencha/ext-react
193,inc2734/snow-monkey-blocks
194,DankMemer/dankmemer.lol
195,optoolco/components
196,sc-voice/sc-voice
197,girder/girder_web_components
198,pxblue/themes
199,facebook/fbt
200,gridsome/gridsome
201,peeranha/peeranha-web
202,PDNMX/pdn
203,sheinsight/shineout
204,laravel/nova-docs
205,kubesphere/docs.kubesphere.io
206,Optum/mockiato
207,razzius/weave
208,apexcharts/apexcharts.js
209,asyncapi/generator
210,tillhub/schemas
211,tobeyadr/Groundhogg
212,maidsafe/safenetwork.tech
213,ifyour/github-trending-archive
214,goodrain/rainbond-ui
215,tech-conferences/conference-data
216,liquality/liquality-swap
217,leanjs/leanjs
218,ecency/ecency-mobile
219,dcloudio/uni-app
220,Tsuk1ko/cq-picsearcher-bot
221,ebi-webcomponents/nightingale
222,shockpkg/packages
223,common-voice/sentence-collector
224,eggheadio/how-to-egghead
225,corestate55/netoviz
226,SAP/luigi
227,kyma-project/console
228,18xx-maker/18xx-maker
229,digipolisantwerp/acpaas-ui_react
230,tracking-exposed/yttrex
231,accessibilitysupported/a11ysupport.io
232,RedHatInsights/vulnerability-ui
233,dashevo/wallet-lib
234,Integreat/integreat-react-native-app
235,makerdao/governance-portal
236,ninjadotorg/handshake-i18n
237,magento/pwa-studio
238,codefordenver/Comrad
239,StanfordHCI/bang
240,alleyinteractive/irving
241,Amsterdam/signals-frontend
242,betagouv/eva
243,bmlt-enabled/crouton
244,ChilliCream/hotchocolate-docs
245,WeBankFinTech/wxa
246,wazo-platform/wazo-js-sdk
247,IHTSDO/authoring-ui
248,herotc/bfa.herodamage.com
249,genouest/genouestaccountmanager
250,Netflix/pollyjs
251,segmentio/analytics.js-integrations
252,mozilla/Spoke
253,Simonwep/pickr
254,asterics/AsTeRICS-Grid
255,vtex-apps/store
257,CityOfPhiladelphia/phila.gov-router
258,guidokessels/xwing-data2
259,bytedance/xgplayer
260,GuacLive/guac-web
261,your-digital-rights/yourdigitalrights.org
262,orbs-network/orbs-ethereum-contracts-v1
263,integrations/jira
264,studiodrishti/recipe-lab
265,StartupsPoleEmploi/zen
266,bespoken/skill-testing-ml
267,Plant-for-the-Planet-org/treecounter-app
268,CivicActions/civicactions.com
269,catdad/raw-viewer
270,ensdomains/ens-app
271,Tiledesk/tiledesk-server
272,UKHomeOffice/hocs-frontend
273,DemonCloud/cubec
274,software-mansion/react-native-reanimated
275,FrontEndFoxes/curriculum
276,Back2bikes/attendance
277,willin/github-trending
278,kubesphere/ks-website
279,fjp/fjp.github.io
280,iov-one/iov-core
281,SuitestAutomation/suitest-js-api
282,bunq/doc
283,altangent/ccxws
284,dimaportenko/magento-react-native
285,weave-microservices/weave
286,ksc-fe/kpc
287,gladly-team/tab-homepage
288,vtex-apps/store-components
289,Faithlife/styled-ui
290,keystonejs/keystone
291,buxlabs/boxwood
292,wix/ricos
293,citizenos/citizenos-api
294,moonwalker/orbit
295,uc-cdis/gen3-qa
296,lifeomic/cli
297,codex-protocol/service.eel
298,mozilla/contain-facebook
299,AlexsLemonade/refinebio-frontend
300,marp-team/marpit
301,KyberNetwork/kyber-tracker
302,botfront/rasa-webchat
303,SymphonyPlatformSolutions/symphony-api-client-node
304,iguazio/dashboard-controls
305,CodeforKarlsruhe/direktvermarkter
306,wordpress-mobile/gutenberg-mobile
307,king-prawns/webpack5-starter-kit
308,MyScienceWork/PolarisOS
309,HackYourFuture/JavaScript3
310,connectome-neuprint/neuPrintExplorer
311,haiwen/seafile-js
312,ghostery/ghostery-extension
313,kirjavascript/nibblrjr
314,lykmapipo/express-common
315,electron/dependent-repos
316,biuuu/BLHXFY
318,eBay/ebayui-core
319,DevExpress/devextreme-react
320,minimit/xtendui
321,Frontify/sketch
322,DataBiosphere/terra-ui
323,Hacker0x01/docs.hackerone.com
324,flussonic/mse-player
325,uwcirg/tb-mobile-app
326,nmxiaowei/avue
327,pinterest/gestalt
328,ICIJ/datashare-client
329,evgeny-nadymov/telegram-react
331,poanetwork/tokenbridge-contracts
332,fakob/MoviePrint_v004
333,rexrainbow/phaser3-rex-notes
334,navgurukul/chanakya
335,UKHomeOffice/asl-schema
336,inkline/inkline
337,rei/rei-cedar-docs
338,byu-oit/openapi-enforcer
339,kccd/nkc
340,orbiting/backends
341,AresMUSH/ares-webportal
342,AdguardTeam/FiltersRegistry
344,ooni/explorer
345,gardener/dashboard
346,IUSCA/SQAN
347,VizierDB/web-ui
348,ManageIQ/manageiq-v2v
349,osmlab/maproulette3
350,WebThingsIO/zigbee-adapter
351,ebshimizu/stats-of-the-storm
352,infor-design/design-system
353,lbryio/lbry-redux
355,mrvautin/expressCart
356,ethereum/ethereum-org-website
357,water-fountains/datablue
358,gfxfundamentals/threejsfundamentals
359,jhipster/prettier-java
360,pass-culture/pass-culture-browser
361,ACM-UCI/ACM-UCI-Website
362,immerjs/immer
363,keepassxreboot/keepassxc-browser
364,react-navigation/react-navigation.github.io
365,Paturages/chorus
366,seleb/bitsy-hacks
367,Criptext/Criptext-Email-React-Client
368,danhumphrey/page-modeller
369,FOE-Tools/FOE-Tools.github.io
371,Esri/calcite-react
372,SAPConversationalAI/Webchat
374,codeforequity-at/botium-core
375,makerdao/dai.js
376,obniz/obniz
377,ngageoint/opensphere
378,xizon/uix-kit
379,senti-iot/senti-console
380,azu/ecmascript-proposals-json
381,biocodellc/geome-ui
382,angrykoala/wendigo
383,axa-ch/patterns-library
384,FUB-HCC/IKON-projektor
385,30-seconds/30-seconds-of-code
386,AdExNetwork/adex-platform
387,ErikVerheul/OneBacklog
388,imshuffling/davidrich.es
389,koumoul-dev/data-fair
390,optimistdigital/create-frontend
391,final-form/react-final-form
392,maticnetwork/contracts
393,json-editor/json-editor
394,elastic/apm-agent-rum-js
395,EdgeVerve/oe-workflow
396,cityofaustin/janis
397,brave/brave-browser
398,go-faast/faast-web
399,appbaseio/reactivecore
400,fluid-project/sjrk-story-telling
401,IFRCGo/go-frontend
402,gregnb/mui-datatables
403,konecnyna/slack-cat
404,finos/perspective
405,LiskHQ/lisk-desktop
406,abetomo/google-drive-cleaner
407,mistval/kotoba
408,samtecspg/articulate
409,Nodics/nodics
410,qmk/qmk_configurator
411,CarPalFleet/JavaScript-SDK
412,OrangeXC/gank
413,protofire/solhint
414,Yuvaleros/material-ui-dropzone
415,emazzotta/lighthouse-badges
416,dpc-sdp/ripple
417,pqina/filepond
418,surveyjs/custom-widgets
419,ooni/probe-desktop
420,kids-first/kf-portal-ui
421,mozilla/hubs
422,sparkdesignsystem/spark-design-system
423,getodk/central-frontend
424,BuildFire/placesPlugin2
425,benetech/MathShare
426,decred/politeiagui
427,getodk/central-backend
428,BrightID/BrightID
429,zebrunner/stf
430,ChildMindInstitute/mindlogger-app
431,DeveloperCielo/developercielo.github.io
432,react-static/react-static
433,mattermost/mattermost-webapp
434,mdbootstrap/React-Bootstrap-with-Material-Design
435,ging/fiware-idm
436,wojtekmaj/react-date-picker
437,rescapes/ramda
438,wulkanowy/fake-log
439,social-media-testdrive/truman_testdrive
440,AliceO2Group/WebUi
441,DBCDK/content-first
442,applitools/eyes.sdk.javascript1
444,alliance-genome/agr_ui
445,jumpalottahigh/blog.georgi-yanev.com
446,sencha/ext-angular
447,elifesciences/elife-xpub
448,OpenNeuroOrg/openneuro
449,parcel-bundler/parcel
450,anlix-io/flashman
451,HamishMW/portfolio
452,tighten/ziggy
453,redsolution/xabber-web
454,invinst/CPDBv2_mobile
455,tulios/kafkajs
456,Giveth/feathers-giveth
457,alibaba/funcraft
458,Giveth/giveth-dapp
459,segmentio/evergreen
460,michaeldzjap/react-signature-pad-wrapper
461,salesforce/lwc
462,wojtekmaj/react-calendar
463,brave-intl/bat-ledger
464,lidaof/eg-react
465,urbica/react-map-gl
466,orbiting/publikator-frontend
467,okta/okta-oidc-js
468,StatEngine/stat-engine
469,LLK/scratch-l10n
470,MyEtherWallet/ethereum-lists
471,priceline/design-system
472,Shyam-Chen/Vue-Starter
473,smartface/sf-extension-utils
474,folio-org/ui-eholdings
475,cerner/terra-toolkit
476,CityOfZion/neon-wallet
477,vercel/docs
478,developersdo/opensource
479,r-spacex/SpaceX-API
480,wesbos/Syntax
481,openpracticelibrary/openpracticelibrary
482,tengge1/ShadowEditor
483,reasonml/reasonml.github.io
484,usdot-its-jpo-data-portal/datahub-ui
485,InsideSalesOfficial/insidesales-components
486,AssemblyScript/binaryen.js
487,vergecurrency/vergecurrency.com
488,Scrivito/scrivito_example_app_js
489,broadinstitute/gnomad-browser
490,vtex/address-form
491,luangjokaj/wordpressify
492,newsuk/times-components
493,telldus/telldus-live-mobile-v3
494,abetomo/node-ss2json
495,kaltura/playkit-js-ui
496,dvaJi/ReaderFront
497,emotion-js/emotion
498,internet4000/radio4000
499,Integreat/integreat-webapp
500,whawker/react-jsx-highcharts
501,tradle/mycloud
502,TeamFleet/WhoCallsTheFleet-Pics
503,cmux/koot
504,resource-watch/resource-watch
505,unep-grid/map-x-mgl
506,ifanrx/hydrogen-js-sdk
507,SparkPost/matchbox
508,gemini-testing/html-reporter
509,lyrgard/ffbeEquip
510,w3c/validate-repos
511,alexlitel/congresstweets-automator
512,omnisci/mapd-charting
513,status-im/status.im
514,amyjko/faculty
515,qgrid/ng2
516,FuelRats/fuelrats.com
517,viewstools/morph
518,paypal/fullstack-phone
519,moodlebox/moodlebox.net
520,WhoTargetsMe/Who-Targets-Me
521,paradite/hn-ratio
522,vtex/styleguide
523,automerge/automerge
524,Photosynq/PhotosynQ-Documentation
525,brainstormforce/astra
526,psono/psono-client
527,JiHong88/SunEditor
528,nodefony/nodefony
529,City-of-Helsinki/mvj-ui
530,styled-components/styled-components-website
531,im6/javascript-fun
532,evaera/RoVer
533,mapbox/osmcha-frontend
534,instacart/Snacks
535,Xi-Plus/twinkle
536,TarikHuber/react-most-wanted
537,opensupports/opensupports
538,stiftelsen-effekt/effekt-backend
539,danielcaldas/react-d3-graph
540,pastelsky/bundlephobia
541,appbaseio/playground
542,matthewberryman/midsomerplots
543,lingochen/wings3d
544,carbon-design-system/carbon
545,mattermost/mattermost-redux
546,silverstripe/silverstripe-admin
547,topcoder-platform/community-app
548,TobitSoftware/chayns-components
549,jumpserver/luna
550,pilas-engine/pilas-engine
551,jaegertracing/jaeger-ui
552,qiuwww/blog
553,owncloud/guests
554,cwrc/CWRC-WriterBase
555,bbc/device-identification-data
556,appbaseio/reactivesearch
557,Datawheel/canon
558,vanda/vam-fractal
559,CMSgov/design-system
560,idyll-lang/idyll
561,kaltura/playkit-js
562,ben-eb/caniuse-lite
563,Backendless/Console-SDK
564,youzan/vant-weapp
565,Inist-CNRS/lodex
566,microsoft/pxt-blockly
567,Talend/ui
568,lbryio/lbry-desktop
569,gathercontent/gather-ui
570,Kilian/electron-to-chromium
571,goodjoblife/GoodJobShare
572,iou90/react-native-autoheight-webview
573,synzen/MonitoRSS
574,vlocityinc/vlocity_build
575,gladly-team/tab
576,treadpit/wx_calendar
577,stellarterm/stellarterm
578,linuxmint/cinnamon-spices-applets
579,openscope/openscope
580,joshhunt/destinySets
581,ckeditor/ckeditor5-dev
582,serverless-operations/serverless-step-functions
583,TeamFleet/WhoCallsTheFleet-Yuubari
584,sehugg/8bitworkshop
585,C0deboy/jaki-jezyk-programowania
586,facebook/metro
587,gobuffalo/docs
588,bufferapp/buffer-publish
589,mozilla/multi-account-containers
590,nodejs/security-wg
591,gchq/CyberChef
592,ember-animation/ember-animated
593,quantastica/quantum-circuit
594,photonstorm/phaser3-examples
595,EdgeApp/edge-react-gui
596,lskjs/lskjs
597,elix/elix
598,invinst/CPDBv2_frontend
599,openhab/openhab-alexa
600,speckleworks/SpeckleServer
601,qgis/qwc2-demo-app
602,Tencent/wepy
603,decred/decrediton
604,screeps/engine
605,oznu/dns-zone-blacklist
606,newmips/newmips
607,F5Networks/f5-cloud-libs
608,KhalisFoundation/sttm-web
609,mcneilco/acas
610,ForestAdmin/lumber
611,Js41637/Overwatch-Item-Tracker
612,timelapseplus/VIEW
613,lskjs/ux
614,tannerlinsley/react-table
615,prescottprue/react-redux-firebase
616,JetBrains/youtrack-mobile
617,AusDTO/dto-digitalmarketplace-frontend
618,dougmoscrop/serverless-http
619,PubMatic/OpenWrap
620,input-output-hk/daedalus
621,wellcomecollection/wellcomecollection.org
622,osbuild/cockpit-composer
623,FrankerFaceZ/FrankerFaceZ
624,oVirt/ovirt-web-ui
625,tocco/tocco-client
626,Plataformas-Cidadania/mapa-osc-client
627,alphagov/govuk-frontend
628,codaxy/cxjs
629,mendix/docs
630,throneteki/throneteki
631,Tradeshift/tradeshift-ui
632,cloudify-cosmo/cloudify-stage
633,hyperledger/blockchain-explorer
634,firewalla/firewalla
635,HSLdevcom/hsl-map-publisher
636,enactjs/enact
637,openmotics/frontend
638,zone-eu/zone-mta
639,serverless/blog
640,electron/apps
641,collectionspace/cspace-ui.js
642,UNICEF01/busca-ativa-escolar-web
643,moaazsidat/react-native-qrcode-scanner
644,byteball/ocore
645,wulkano/Kap
646,serverless/plugins
647,AGProjects/sylk-webrtc
648,optimizely/javascript-sdk
649,WFCD/warframe-worldstate-data
650,chteuchteu/MaterialDesignIcons-Picker
651,plantinformatics/pretzel
652,programmfabrik/coffeescript-ui
653,facebook/create-react-app
654,janis91/ocr
655,iguanaChart/iguanacharts
656,zenmoney/ZenPlugins
657,CruGlobal/give-web
658,hovancik/stretchly
659,microsoft/BotFramework-WebChat
660,apache/echarts-doc
661,cedardevs/onestop
662,tidepool-org/viz
663,craftercms/studio-ui
664,contentful/extensions
665,participedia/api
666,appirio-tech/connect-app
667,cast-org/figuration
668,webpack/webpack.js.org
669,OpenBazaar/openbazaar-desktop
670,Thorium-Sim/thorium
671,thm-projects/arsnova-flashcards
672,KissKissBankBank/kitten
673,18F/fedramp-dashboard
674,Techtonica/curriculum
675,sketch-hq/SketchAPI
676,betaflight/betaflight-configurator
677,microsoft/monaco-editor
678,jupyterlab/jupyterlab
679,TheScienceMuseum/collectionsonline
680,EdgeApp/edge-core-js
681,fenneclab/hugo-bin
682,beakerbrowser/beaker
683,outline/outline
684,GPII/gpii-app
685,portainer/portainer
686,steemit/condenser
687,GlobalFishingWatch/map-client
688,mapcentia/vidi
689,nuxeo/doc.nuxeo.com
690,zulip/zulip-mobile
691,orbitdb/orbit-db-store
692,luminati-io/luminati-proxy
693,processing/p5.js-web-editor
694,iNavFlight/inav-configurator
695,Kong/insomnia
696,nextstrain/auspice
697,Expensify/expensify-common
698,origo-map/origo
699,SynBioHub/synbiohub
700,ezpaarse-project/ezmesure
701,higlass/higlass
702,ethereum/remix
703,foxdonut/meiosis
704,ExploreConsulting/netsuite-fasttrack-toolkit-ss2
705,ubergrape/grape-web-client
706,betaflight/blackbox-log-viewer
707,github/eslint-plugin-github
708,Xtraball/Siberian
709,FooSoft/yomichan
710,orbitdb/ipfs-log
711,ibi-group/datatools-ui
712,dcos/dcos-website
713,jhipster/jhipster-core
714,BoostIO/Boostnote
715,ShelterTechSF/askdarcel-web
716,tsitu/MH-Tools
717,cjdev/visual-stack
718,mathcoll/t6
719,trendscenter/coinstac
720,Qbix/Platform
721,dherault/serverless-offline
722,qooxdoo/qooxdoo-compiler
723,ManageIQ/manageiq-ui-service
724,inlife/nexrender
725,react-atomic/react-atomic-organism
726,davidmerfield/Blot
727,mjmlio/mjml
728,jitsi/lib-jitsi-meet
729,artf/grapesjs
730,ncbi/icn3d
731,gbif/portal16
732,okonet/lint-staged
733,comindware/core-ui
734,tinode/tinode-js
735,tinode/webapp
736,xiaoqiang-zhao/my-cellar
737,kitspace/kitspace
738,rjsf-team/react-jsonschema-form
739,visgl/deck.gl
740,i18next/react-i18next
741,imba/imba.io
742,SAPDocuments/Tutorials
743,FelixHenninger/lab.js
745,entrylabs/entry-hw
746,fedspendingtransparency/data-act-broker-web-app
747,moment/luxon
748,tudvari/dockerfile-generator
749,pangolinjs/core
750,CoorpAcademy/components
751,okta/okta-signin-widget
752,ComPlat/chemotion_ELN
753,transloadit/uppy
754,suxxes/abroadunderhood
755,FrontEndHappyHour/frontendhappyhour.github.io
756,makeomatic/ms-users
757,sensorsdata/sa-sdk-javascript
758,StataBS/indikatoren
759,TheSench/SIMSpellstone
760,Adslot/adslot-ui
761,owncloud/contacts
762,olifolkerd/tabulator
763,biud436/MV
764,remoteintech/remote-jobs
765,OHIF/Viewers
766,CANDY-LINE/candy-red
767,formio/formio
768,o2team/o2team.github.io
769,pfitzpaddy/ngm-reportHub
770,mattermost/desktop
771,digidem/mapeo-mobile
772,visgl/react-map-gl
773,twreporter/twreporter-react
774,quasarframework/quasar
775,AMPATH/etl-rest-server
776,cibernox/ember-power-select
777,iTowns/itowns
778,single-spa/single-spa
779,First-Peoples-Cultural-Council/fv-web-ui
780,silverstripe/silverstripe-asset-admin
781,flow-typed/flow-typed
782,camunda/camunda-modeler
783,davidmintz/court-interpreters-office
784,sugarlabs/musicblocks
785,MetaMask/metamask-extension
786,salesforce-ux/design-system
787,Viglino/ol-ext
788,mParticle/mparticle-web-sdk
789,jquense/react-big-calendar
790,kuzzleio/kuzzle
791,facebook/relay
792,kuzzleio/sdk-javascript
793,guardian/facia-tool
794,redux-form/redux-form
795,informatics-isi-edu/ermrestjs
796,ProjectSidewalk/SidewalkWebpage
797,prebid/Prebid.js
798,reduxjs/react-redux
799,Opentrons/opentrons
800,FormidableLabs/spectacle
801,trufflesuite/truffle
802,aquasecurity/cloudsploit
803,naptha/tesseract.js
804,ssbc/patchwork
805,mesosphere/reactjs-components
806,processing/p5.js-website
807,entrylabs/entryjs
808,ngageoint/hootenanny-ui
809,catarse/catarse.js
810,matrix-org/matrix-react-sdk
811,bids-standard/bids-validator
812,hyperledger/burrow
813,rtfeldman/node-test-runner
814,nasa/openmct
815,Tencent/omi
816,wfp/ui
817,baukh789/GridManager
818,RocketChat/Rocket.Chat
819,tradle/tim
820,ow2-proactive/studio
821,rollup/rollup
822,UDA-EJIE/udaRUP
823,FreeFeed/freefeed-server
824,particle-iot/docs
825,Vincit/objection.js
826,LedgerHQ/ledgerjs
827,codefresh-io/cli
828,stellar/js-stellar-sdk
829,Caltech-IPAC/firefly
830,zestia/ember-twitter-entities
831,department-of-veterans-affairs/vets-website
832,grommet/grommet
833,TeamFleet/WhoCallsTheFleet
834,avwo/whistle
835,CoderDojo/cp-zen-platform
836,AdguardTeam/AdguardBrowserExtension
837,aurelia/cli
838,matrix-org/matrix-js-sdk
839,ChromeDevTools/debugger-protocol-viewer
840,trezor/connect
841,ONSdigital/florence
842,CagetteNet/cagette
843,thoughtworks/tramchester
844,inventaire/inventaire
845,streamr-dev/streamr-client-javascript
846,CometVisu/CometVisu
847,ofrohn/d3-celestial
848,bookbrainz/bookbrainz-site
849,Flexberry/ember-flexberry
850,rancher/ui
851,irislib/iris-lib
852,aurelia/framework
853,react-materialize/react-materialize
854,rapidpro/rapidpro
855,congrea/virtualclass
856,evt-project/evt-viewer
857,odf/webGavrog
858,shadowsocks/shadowsocks-manager
859,thabz/Kalliope
860,alan-wu/ZincJS
861,babel/website
862,cla-assistant/cla-assistant
863,mermaid-js/mermaid
864,tilosradio/web2-frontend
865,lhncbc/lforms
866,StraboSpot/strabo-mobile
867,netlify/cli
868,leancloud/docs
869,date-fns/date-fns
870,ChainSafe/web3.js
871,Kloudless/file-picker
872,openstax/tutor-js
873,noobaa/noobaa-core
874,joyent/sdcadm
875,joyent/sdc-manta
876,JedWatson/react-select
877,griffithlab/civic-client
878,aredotna/ervell
879,kenrick95/twinkle
880,gaearon/react-hot-loader
881,SVG-Edit/svgedit
882,ONRR/doi-extractives-data
883,ctrlo/GADS
884,linagora/openpaas-esn
885,epochtalk/epochtalk
886,binary-com/binary-static
887,Hacker0x01/react-datepicker
888,lamassu/lamassu-machine
889,ezpaarse-project/ezpaarse-platforms
890,isaacphysics/isaac-app
891,inventaire/inventaire-client
892,eclipsesource/tabris-js
893,playcanvas/engine
894,codevise/pageflow
895,swagger-api/swagger-editor
896,brownplt/code.pyret.org
897,avalanche-canada/ac-web
898,cornerstonejs/cornerstoneTools
899,NorthwoodsSoftware/GoJS
900,jwplayer/jwplayer
901,oskariorg/oskari-docs
902,adsabs/bumblebee
903,mWater/mwater-forms
904,RunestoneInteractive/RunestoneComponents
905,cure53/DOMPurify
906,overleaf/web
907,overleaf/document-updater
908,openaddresses/openaddresses
909,wikimedia/mediawiki-extensions-Popups
910,LearningLocker/learninglocker
911,nrenner/brouter-web
912,dondi/GRNsight
913,OpenKnowledgeMaps/Headstart
914,tidepool-org/blip
915,eslint/website
916,vuejs/vuejs.org
917,CalderaWP/Caldera-Forms
918,SortableJS/Sortable
919,bitpay/bitcore
920,jitsi/jitsi-meet
921,paulrosen/abcjs
922,devinit/D-Portal
923,vuejs/vue-router
924,SAP/openui5
925,cleanflight/cleanflight-configurator
926,DanmarksAdresser/Dawa
927,jhipster/jhipster.github.io
928,wikimedia/oojs-ui
929,OpenUserJS/OpenUserJS.org
930,cockpit-project/cockpit
931,jhipster/generator-jhipster
932,bbc/peaks.js
933,brion/ogv.js
934,ionic-team/ionic-site
935,riot/riot
936,node-red/node-red-nodes
937,enketo/enketo-core
938,raineorshine/npm-check-updates
939,violentmonkey/violentmonkey
940,altanai/webrtcdevelopment
941,sitespeedio/browsertime
942,openglobus/openglobus
944,glennjones/hapi-swagger
945,vuejs/vue
946,ShieldBattery/ShieldBattery
947,sandialabs/slycat
948,OptimalBits/bull
949,satorumurmur/bibi
950,toggl/toggl-button
951,opengaming/osgameclones
952,facebook/react
953,chartjs/Chart.js
954,mapbox/mapbox-gl-js
955,processing/p5.js
956,mbloch/mapshaper
957,twilio/twilio-node
958,pombase/canto
959,mar10/fancytree
960,11ways/hawkejs
961,peter-murray/node-hue-api
962,rollbar/rollbar.js
963,zotero/web-library
964,ckeditor/ckeditor4-docs
965,ably/ably-js
966,2600hz/monster-ui
967,VulcanJS/Vulcan
968,oskariorg/oskari-frontend
969,wikimedia/jquery.uls
970,PrismJS/prism
971,arkime/arkime
972,insideout10/wordlift-plugin
973,sendgrid/docs
974,mapbox/carmen
975,Pelican-Elegant/elegant
976,compiler-explorer/compiler-explorer
977,scalableminds/webknossos
978,GPII/windows
979,firefox-devtools/profiler
980,itteco/iframely
981,thomaspark/bootswatch
982,atom/atom
983,twigjs/twig.js
984,jpalardy/home
985,stripe/stripe-node
986,CartoDB/Windshaft-cartodb
987,recurly/recurly-js
988,Patternslib/Patterns
989,spencermountain/compromise
990,CartoDB/CartoDB-SQL-API
991,mozilla/pdf.js
992,wikimedia-gadgets/twinkle
993,brianc/node-postgres
994,RobinHerbots/Inputmask
995,Automattic/mongoose
996,mrdoob/three.js
997,qooxdoo/qooxdoo
998,log4js-node/log4js-node
999,Modernizr/Modernizr
1000,clientIO/joint
1001,ai/sitnik.ru
1002,GMOD/jbrowse
