repository,first_commit_date,size,unit
b2wads/grimorio-ui,2018-06-27 11:14:03-03:00,36.89,MiB
idena-network/idena-desktop,2019-02-04 15:41:42+05:00,30.17,MiB
rand256/valetudo,2018-07-12 09:07:44+02:00,7.33,MiB
vpython/glowscript,2014-12-17 17:49:07-07:00,96.39,MiB
hive-engine/nitrous,2016-07-28 09:58:41-04:00,77.71,MiB
grommet/grommet-designer,2019-05-16 07:35:02-07:00,5.76,MiB
airswap/AirSwap.js,2019-05-14 12:59:00-04:00,3.26,MiB
wordproof/wordproof-timestamp,2019-05-13 10:48:24+02:00,5.51,MiB
JuanIrache/gopro-telemetry,2019-05-13 19:28:43+02:00,1.32,MiB
linode/developers,2018-07-03 10:59:15-04:00,282.44,MiB
mobxjs/mst-gql,2019-05-06 20:17:05+02:00,6.28,MiB
poanetwork/tokenbridge,2019-05-06 11:55:17+02:00,19.60,MiB
binary-com/deriv-app,2019-07-03 17:31:27+08:00,1.89,GiB
RedHatInsights/frontend-components,2018-05-29 13:28:03-04:00,32.46,MiB
rage/concepts,2019-05-06 12:31:56+03:00,33.47,MiB
replicatedhq/kotsadm,2019-05-02 14:12:27-07:00,90.24,MiB
gab-ai-inc/defiant-browser,2016-11-09 13:23:09-07:00,2.95,MiB
voluntarily/vly2,2019-04-27 06:27:31+12:00,56.84,MiB
HumanRightsMeasurementInitiative/hrmi-dataportal,2019-04-25 15:29:02+12:00,18.67,MiB
Terralego/terra-front,2018-11-05 11:15:47+01:00,6.02,MiB
yafp/ttth,2019-04-23 15:18:58+02:00,12.42,MiB
DeyLak/redux-restify,2017-09-07 10:12:04+00:00,2.03,MiB
biuuu/ShinyColors,2019-04-22 16:33:30+08:00,66.98,MiB
aws-amplify/community,2019-04-17 18:49:50-07:00,294.40,MiB
casual-simulation/casualos,2018-11-14 13:35:53-05:00,66.01,MiB
carbon-design-system/gatsby-theme-carbon,2019-04-10 16:14:12-05:00,81.34,MiB
ministryofjustice/hmpps-book-secure-move-frontend,2019-04-11 16:44:49+01:00,192.75,MiB
offen/offen,2019-04-10 16:58:26+02:00,12.49,MiB
w3f/polkadot-deployer,2019-04-10 16:40:18+02:00,212.82,MiB
LIu-FengMing/codegame-,2019-04-09 14:01:58+08:00,314.82,MiB
zebrunner/reporting-ui,2019-04-08 11:25:16+03:00,8.28,MiB
dekdevy/hordes-loc,2019-04-07 12:56:31+02:00,8.79,MiB
accordproject/cicero-ui,2019-04-04 17:18:21-04:00,4.36,MiB
SofthouseVxo/Education,2019-04-04 15:25:29+02:00,68.03,MiB
spring-io/dataflow.spring.io,2019-04-08 17:22:47+02:00,74.38,MiB
glin/reactable,2019-03-31 17:28:58-05:00,31.46,MiB
hktrpg/TG.line.Discord.Roll.Bot,2016-11-30 01:47:09+08:00,323.04,MiB
wanbo-chain/h2-elements,2015-08-28 11:06:50+08:00,1.59,MiB
react-native-tvos/react-native-tvos,2015-01-29 17:10:49-08:00,302.63,MiB
rainbow-me/rainbow,2018-03-24 16:22:55-05:00,188.45,MiB
the-labo/the,,-1,
LeedsJS/website,2019-03-15 14:29:04+00:00,11.16,MiB
brainstormforce/ultimate-addons-for-gutenberg,2018-01-13 02:14:57-05:00,1.13,GiB
Samsung/TAU,2019-03-06 13:05:36+09:00,154.26,MiB
typpo/quickchart,2019-03-04 10:19:48-08:00,1.48,MiB
steedos/steedos-platform,2020-07-02 18:19:23+08:00,1.75,GiB
Yoast/javascript,2015-03-23 14:50:16+01:00,76.32,MiB
jsxcad/JSxCAD,2019-03-04 22:59:34+09:00,817.17,MiB
bcye/Hello-Goodbye,2019-03-01 22:52:53-08:00,45.63,MiB
codypearce/material-bread,2019-01-20 03:43:47-08:00,21.94,MiB
zilpay/zil-pay,2019-02-26 16:08:01+05:00,34.16,MiB
uc-cdis/guppy,2019-02-26 14:04:24-06:00,7.35,MiB
reactjs/gu.reactjs.org,2013-05-29 12:54:02-07:00,124.54,MiB
viz-centric/flair-bi,2019-02-23 09:06:51+00:00,105.48,MiB
viz-centric/flair-notifications,2019-02-23 09:13:43+00:00,1.57,MiB
theDavidBarton/puppeteer-daily-menu-scraper,2019-02-24 13:43:20+01:00,1.12,MiB
drzzle-app/picazzo,2018-04-24 13:55:30-05:00,14.22,MiB
react-native-community/rn-diff-purge,2019-02-26 10:16:37+01:00,683.84,MiB
AdguardTeam/Scriptlets,2018-12-28 21:47:18+03:00,10.83,MiB
RedHatInsights/tower-analytics-frontend,2018-05-21 10:49:11-04:00,19.87,MiB
City-of-Helsinki/servicemap-ui,2019-02-19 12:07:08+02:00,24.89,MiB
team-friendo/signalboost,2018-09-26 18:18:49-07:00,22.58,MiB
den19980107/nkust-online-study,2019-02-14 00:47:17+08:00,304.42,MiB
goabstract/Awesome-Design-Tools,2019-02-12 15:55:31+02:00,18.89,MiB
GetStream/stream-chat-react,2019-04-09 13:41:52+02:00,169.63,MiB
valueflows/vf-graphql,2019-02-11 15:06:58+10:00,887.54,KiB
kiwiirc/kiwibnc,2018-12-29 19:18:00+00:00,1003.45,KiB
OvidijusParsiunas/myvision,2019-02-09 16:09:37+00:00,60.02,MiB
blobfysh/Lootcord,2019-02-09 11:50:12-05:00,4.49,MiB
reactjs/reactjs.org-translation,2017-09-17 11:43:24+09:00,1.18,MiB
Coding-Coach/find-a-mentor,2019-02-04 16:51:34+01:00,6.41,MiB
internetarchive/iaux,2018-10-29 17:19:13-07:00,34.65,MiB
halfnelson/svelte-native,2019-02-01 00:19:36+10:00,8.54,MiB
politics-rewired/Spoke,2016-04-17 23:36:29-07:00,20.79,MiB
googleads/publisher-ads-lighthouse-plugin,2018-05-17 17:56:56-04:00,2.08,MiB
SAP/ui5-webcomponents,2019-02-11 16:14:21+02:00,3.46,GiB
algenty/grafana-flowcharting,2019-01-24 22:51:24+01:00,234.11,MiB
ventureum/Chainsfr,2019-01-24 20:35:27+00:00,7.91,MiB
athomasoriginal/blog,2019-01-19 17:53:23-05:00,4.99,MiB
didi/chameleon,2019-01-18 22:34:32+08:00,129.71,MiB
RecallGraph/RecallGraph,2018-12-22 12:35:13+00:00,3.88,MiB
beaverbuilder/assistant,2019-01-14 17:10:41-08:00,17.81,MiB
GoodDollar/GoodServer,2019-01-15 09:28:21+02:00,72.77,MiB
protectwise/troika,2016-09-11 15:00:26-06:00,14.31,MiB
istreamlabs/pebble,2019-01-15 14:35:05-06:00,3.44,MiB
TaleLin/lin-ui,2019-01-08 21:26:25+08:00,4.29,MiB
catho/quantum,2018-03-15 16:11:58-03:00,48.33,MiB
sillvva/rpg-schedule,2019-01-08 19:07:08+00:00,7.67,MiB
ArcBlock/forge-js,2019-01-08 11:18:06+08:00,12.86,MiB
StraboSpot/StraboSpot-Mobile,2019-01-07 09:54:12-07:00,148.47,MiB
liferay/liferay-npm-tools,2017-09-01 12:29:45+02:00,7.36,MiB
vulturno/vulturno,2018-12-26 13:24:19+01:00,57.72,MiB
wubaiqing/zaobao,2018-12-25 12:06:50+08:00,8.05,MiB
sanusart/react-dropdown-select,2018-12-25 01:02:22+02:00,47.55,MiB
F5Networks/f5-declarative-onboarding,2018-09-10 14:04:43-07:00,58.93,MiB
ronggang/PT-Plugin-Plus,2018-12-16 15:58:36+08:00,7.09,MiB
carbon-design-system/carbon-addons-iot-react,2018-12-12 10:30:43-05:00,189.86,MiB
nib-edit/Nib,2018-12-16 17:36:57+05:30,5.90,MiB
rob-balfre/svelte-select,2018-12-12 11:05:21+11:00,2.39,MiB
cruise-automation/webviz,2018-12-10 18:05:26-08:00,417.60,MiB
unchainedshop/unchained,2018-05-14 14:10:32+02:00,53.99,MiB
santiment/app,2018-12-07 17:20:59+03:00,51.50,MiB
SPLA/VARIAMOS-WEB,2018-12-06 14:53:14-05:00,7.86,MiB
OpenZeppelin/openzeppelin-test-helpers,2018-11-30 10:57:16-03:00,1.39,MiB
DDDEastMidlandsLimited/dddem-web,2018-11-30 12:21:50+00:00,132.26,MiB
moneybutton/bsv,2013-07-04 12:55:19-07:00,29.40,MiB
makerdao/mcd-cdp-portal,2018-12-12 13:15:18+01:00,12.02,MiB
kartverket/Geonorge.Kartkatalog.React,2018-11-27 11:19:13+01:00,7.42,MiB
cylc/cylc-ui,2018-11-22 15:34:27+13:00,20.58,MiB
bufferapp/ui,2018-11-20 09:10:31+01:00,46.84,MiB
bigbluebutton/bbb-webrtc-sfu,2018-06-20 19:51:39+00:00,3.43,MiB
MaayanLab/signature-commons-ui,2018-11-15 17:11:04-05:00,446.27,MiB
Tradeshift/elements,2018-11-15 10:15:27+01:00,10.03,MiB
daostack/migration,2018-11-13 20:42:12+02:00,6.65,MiB
welldone-software/why-did-you-render,2018-11-10 22:52:05+02:00,5.46,MiB
brillout/wildcard-api,2018-11-07 22:02:43+01:00,4.12,MiB
storybookjs/frontpage,2018-11-07 14:31:16+11:00,69.50,MiB
poanetwork/posdao-contracts,2018-11-07 10:28:18+03:00,5.09,MiB
CyberCRI/learn-ext,2018-11-07 15:32:14+01:00,17.35,MiB
lino-framework/react,2018-11-05 15:59:44+02:00,25.68,MiB
katai5plate/RPGMV-CoreScript-Reference,2018-11-04 18:04:02+09:00,2.84,MiB
MikaelMayer/Editor,2018-11-03 14:10:04+01:00,3.13,MiB
smeup/ketchup,2018-11-02 15:02:56+01:00,62.60,MiB
CalvinVon/dalao-proxy,2018-10-31 16:07:23+08:00,2.42,MiB
tecsinapse/ui-kit,2018-10-25 12:41:33-03:00,33.98,MiB
ovh/manager,2017-06-19 16:38:24+02:00,191.06,MiB
Waiviogit/waivio,2018-10-29 13:12:08+02:00,40.90,MiB
dwp/govuk-casa,2018-10-27 11:20:00+01:00,6.08,MiB
wu-yu-xuan/blog.mscorlib.top,2018-10-26 19:44:05+08:00,4.80,MiB
monero-ecosystem/monero-javascript,2018-10-25 09:03:04-04:00,113.47,MiB
carbon-design-system/carbon-components-vue,2018-10-24 11:44:22-05:00,699.14,MiB
Laboralphy/o876-raycaster-engine,2018-10-24 19:49:22+02:00,51.27,MiB
MoTrPAC/motrpac-frontend,2018-10-24 16:22:03-07:00,38.17,MiB
opentargets/platform-app,2018-10-18 13:38:03+01:00,9.40,MiB
CatalysmsServerManager/7-days-to-die-server-manager,2017-10-29 20:45:14+01:00,51.59,MiB
seatsio/seatsio-js,2018-10-16 20:47:22+02:00,1.98,MiB
IBM/openapi-validator,2017-06-24 20:59:47-05:00,8.76,MiB
TankerHQ/sdk-js,2018-10-10 16:20:31+02:00,9.58,MiB
lttb/reshadow,2018-10-03 07:19:39+03:00,2.22,MiB
medialab/website,2018-09-18 17:12:07+02:00,103.07,MiB
mtgjson/mtgjson-website,2018-10-01 18:24:45-04:00,12.74,MiB
tailwindtoolbox/TailwindToolbox,2018-09-28 21:05:10+01:00,22.88,MiB
inaturalist/SeekReactNative,2018-09-27 15:42:59-07:00,213.99,MiB
Haehnchen/crypto-trading-bot,2018-07-14 14:10:34+02:00,4.78,MiB
twilio/twilio-cli,2018-09-18 10:04:30-07:00,6.39,MiB
testing-library/user-event,2018-09-20 18:54:51+02:00,2.68,MiB
EdgeApp/edge-currency-accountbased,2017-02-23 15:50:28-08:00,32.80,MiB
fortinet/fortigate-autoscale,2018-08-29 10:50:36-07:00,7.68,MiB
TarsCloud/TarsWeb,2018-04-17 09:58:14+08:00,40.14,MiB
streamr-dev/broker,2015-01-27 22:49:57+02:00,3.65,MiB
keyboardio/Chrysalis,2018-09-11 09:39:38+02:00,25.58,MiB
lannonbr/vscode-issue-tracker,2018-09-10 21:36:28-04:00,198.13,MiB
maxjeffwell/full-stack-capstone-client,2018-09-11 06:42:07-04:00,1.64,MiB
goabstract/abstract-sdk,2018-09-12 14:27:36-07:00,8.76,MiB
visgl/loaders.gl,2018-09-07 14:49:42-07:00,236.43,MiB
RebusFoundation/reader-api,2018-09-07 15:42:10-04:00,4.90,MiB
EDM-Spot/OtterBot,2018-09-10 11:35:23+01:00,8.56,MiB
ucfopen/Obojobo,2015-11-17 14:02:27-05:00,33.31,MiB
acl-services/paprika,2018-08-31 15:04:42-07:00,24.19,MiB
Neko250/rlspain,2018-08-29 19:00:33+02:00,12.65,MiB
nexxtway/react-rainbow,2016-11-29 11:05:18-08:00,29.11,MiB
atomicojs/atomico,2019-02-08 14:13:48-03:00,3.16,MiB
vck3000/ProAvalon,2018-01-22 21:03:15+11:00,41.26,MiB
totvs/ttalk-standard-message,2018-08-20 17:29:24-03:00,14.62,MiB
rabiran/karting,2018-08-20 14:47:33+03:00,5.30,MiB
bchiang7/v4,2018-08-15 22:34:22-04:00,51.59,MiB
integr8ly/tutorial-web-app,2018-08-16 15:55:09+01:00,23.66,MiB
Kommunicate-io/Kommunicate-Web-SDK,2017-10-18 13:20:56+05:30,16.52,MiB
integromat/vscode-apps-sdk,2018-08-16 17:15:53+02:00,2.63,MiB
entrylabs/entry-tool,2018-08-16 15:37:12+09:00,28.63,MiB
lane711/sonicjs,2018-08-15 15:49:15-07:00,120.74,MiB
mika-cn/maoxian-web-clipper,2018-08-09 12:56:47+08:00,3.22,MiB
sencha/ext-react,2018-08-08 13:11:39-04:00,70.19,MiB
inc2734/snow-monkey-blocks,2018-08-08 13:47:49+09:00,26.26,MiB
optoolco/components,2018-07-29 21:29:02+02:00,8.11,MiB
sc-voice/sc-voice,2018-08-07 13:25:31-07:00,21.91,MiB
girder/girder_web_components,2018-08-03 12:32:44-04:00,19.49,MiB
pxblue/themes,2018-08-02 10:52:11-04:00,2.25,MiB
facebook/fbt,2018-10-22 14:47:54-07:00,14.57,MiB
gridsome/gridsome,2018-08-01 00:52:21+02:00,8.14,MiB
peeranha/peeranha-web,2018-07-30 22:38:09-05:00,23.96,MiB
PDNMX/pdn,2018-07-31 15:48:11-05:00,130.81,MiB
sheinsight/shineout,2018-01-12 10:14:11+08:00,61.01,MiB
laravel/nova-docs,2018-07-29 18:48:01-05:00,9.84,MiB
kubesphere/docs.kubesphere.io,2018-07-26 15:55:03+08:00,296.42,MiB
Optum/mockiato,2018-07-25 15:13:20-04:00,2.71,MiB
razzius/weave,2018-04-17 13:52:39-07:00,8.63,MiB
apexcharts/apexcharts.js,2018-07-24 20:56:09+05:30,56.72,MiB
asyncapi/generator,2018-07-24 16:14:38+02:00,5.10,MiB
tillhub/schemas,2018-07-23 21:10:45+02:00,12.11,MiB
tobeyadr/Groundhogg,2018-07-22 13:17:48-04:00,67.50,MiB
maidsafe/safenetwork.tech,2018-07-20 13:22:50+01:00,138.08,MiB
ifyour/github-trending-archive,2018-07-20 23:28:33+08:00,3.61,MiB
goodrain/rainbond-ui,2018-07-19 23:10:16+08:00,33.50,MiB
tech-conferences/conference-data,2018-07-16 19:49:32-04:00,13.02,MiB
liquality/liquality-swap,2018-07-16 13:29:18-04:00,8.78,MiB
ecency/ecency-mobile,2018-07-13 22:03:13+03:00,164.49,MiB
dcloudio/uni-app,2020-06-10 18:18:26+08:00,1.91,GiB
Tsuk1ko/cq-picsearcher-bot,2018-07-11 16:36:50+08:00,29.47,MiB
shockpkg/packages,2018-07-09 21:29:51-04:00,4.12,MiB
common-voice/sentence-collector,2018-07-08 02:27:43+02:00,16.81,MiB
eggheadio/how-to-egghead,2018-07-04 12:13:37-07:00,49.05,MiB
corestate55/netoviz,2018-07-04 18:25:59+09:00,17.24,MiB
SAP/luigi,2018-07-30 10:27:38+02:00,80.23,MiB
kyma-project/console,2018-07-24 13:26:11+02:00,34.92,MiB
digipolisantwerp/acpaas-ui_react,2018-04-10 15:52:47+02:00,18.00,MiB
tracking-exposed/yttrex,2018-07-01 10:46:08+02:00,915.74,MiB
accessibilitysupported/a11ysupport.io,2018-07-01 14:17:45-05:00,2.57,MiB
RedHatInsights/vulnerability-ui,2018-05-21 10:49:11-04:00,78.00,MiB
dashevo/wallet-lib,2018-06-26 20:29:05+03:00,5.77,MiB
Integreat/integreat-react-native-app,2018-06-24 16:21:37+02:00,38.36,MiB
makerdao/governance-portal,2018-06-21 10:18:34-05:00,5.24,MiB
ninjadotorg/handshake-i18n,2018-06-22 01:43:03+07:00,20.92,MiB
magento/pwa-studio,2018-06-13 12:49:19-05:00,592.26,MiB
codefordenver/Comrad,2018-06-11 20:51:17-06:00,48.90,MiB
StanfordHCI/bang,2018-06-08 14:03:35-07:00,23.08,MiB
Amsterdam/signals-frontend,2018-06-07 13:57:30+02:00,43.19,MiB
betagouv/eva,2018-10-26 17:27:18+02:00,215.36,MiB
bmlt-enabled/crouton,2018-06-05 22:11:22-04:00,2.14,MiB
ChilliCream/hotchocolate-docs,2018-06-05 21:12:47+02:00,16.49,MiB
wazo-platform/wazo-js-sdk,2018-06-04 11:39:37-04:00,8.02,MiB
IHTSDO/authoring-ui,2015-06-12 08:47:51+01:00,26.28,MiB
herotc/bfa.herodamage.com,2018-06-02 00:48:10+02:00,3.60,GiB
genouest/genouestaccountmanager,2018-06-01 11:48:23+02:00,4.10,MiB
Netflix/pollyjs,2018-06-01 13:56:54-07:00,3.57,MiB
segmentio/analytics.js-integrations,2018-05-31 14:20:49-07:00,5.76,MiB
mozilla/Spoke,2018-05-28 18:35:21-07:00,106.60,MiB
Simonwep/pickr,2018-05-27 21:38:18+02:00,6.70,MiB
asterics/AsTeRICS-Grid,2018-05-24 15:38:41+02:00,108.46,MiB
vtex-apps/store,2018-05-23 20:45:26-03:00,4.15,MiB
CityOfPhiladelphia/phila.gov-router,2018-04-20 14:28:35-04:00,1.68,MiB
guidokessels/xwing-data2,2018-05-18 23:08:39+02:00,7.64,MiB
bytedance/xgplayer,2018-05-16 20:01:56+08:00,434.68,MiB
GuacLive/guac-web,2018-05-16 21:45:30+02:00,15.97,MiB
your-digital-rights/yourdigitalrights.org,2018-05-12 08:17:04+01:00,9.47,MiB
orbs-network/orbs-ethereum-contracts-v1,2018-05-15 11:14:25+03:00,23.24,MiB
integrations/jira,2018-05-14 09:16:34-05:00,30.28,MiB
studiodrishti/recipe-lab,2018-05-02 21:25:05-06:00,4.77,MiB
StartupsPoleEmploi/zen,2018-05-03 17:20:44+02:00,10.33,MiB
bespoken/skill-testing-ml,2018-04-08 23:22:08-05:00,5.05,MiB
Plant-for-the-Planet-org/treecounter-app,2018-05-03 23:41:50+05:30,70.58,MiB
CivicActions/civicactions.com,2018-05-01 13:18:34-06:00,175.42,MiB
catdad/raw-viewer,2018-04-29 22:41:59-04:00,1.68,MiB
ensdomains/ens-app,2018-04-27 18:02:03+08:00,21.97,MiB
Tiledesk/tiledesk-server,2018-04-27 10:13:06+02:00,10.50,MiB
UKHomeOffice/hocs-frontend,2018-05-04 11:38:07+01:00,11.02,MiB
DemonCloud/cubec,2018-04-26 12:35:35+08:00,2.55,MiB
software-mansion/react-native-reanimated,2018-04-25 11:22:32+02:00,138.31,MiB
FrontEndFoxes/curriculum,2018-04-25 12:48:46-04:00,62.35,MiB
Back2bikes/attendance,2018-04-25 10:29:20+10:00,81.57,MiB
willin/github-trending,2018-04-24 18:11:18+08:00,1.87,MiB
kubesphere/ks-website,2018-04-21 10:04:24+08:00,14.52,MiB
fjp/fjp.github.io,2013-05-24 10:25:31-04:00,165.78,MiB
iov-one/iov-core,2018-04-17 20:46:17+02:00,13.26,MiB
SuitestAutomation/suitest-js-api,2018-04-17 15:41:10+02:00,2.53,MiB
bunq/doc,2018-04-16 14:53:51+02:00,13.65,MiB
altangent/ccxws,2018-04-13 17:46:55-04:00,1.83,MiB
dimaportenko/magento-react-native,2017-07-30 17:35:33+03:00,33.79,MiB
weave-microservices/weave,2018-04-11 17:49:53+02:00,130.61,MiB
ksc-fe/kpc,2018-04-10 14:43:45+08:00,420.47,MiB
gladly-team/tab-homepage,2018-04-10 13:18:34-07:00,190.14,MiB
vtex-apps/store-components,2018-04-09 11:53:42-03:00,8.30,MiB
Faithlife/styled-ui,2018-04-09 09:13:23-07:00,18.93,MiB
keystonejs/keystone,2018-04-05 20:48:38+10:00,369.00,MiB
buxlabs/boxwood,2018-03-31 21:23:34+02:00,4.53,MiB
citizenos/citizenos-api,2018-03-28 17:51:20+03:00,63.01,MiB
moonwalker/orbit,2018-03-20 16:56:34+01:00,29.57,MiB
uc-cdis/gen3-qa,2018-03-27 15:08:05-05:00,7.00,MiB
lifeomic/cli,2018-03-23 11:40:58-04:00,1.64,MiB
codex-protocol/service.eel,2018-03-23 14:28:52-05:00,744.14,KiB
mozilla/contain-facebook,2018-03-20 17:04:56-05:00,3.53,MiB
AlexsLemonade/refinebio-frontend,2018-03-20 13:36:31-04:00,24.53,MiB
marp-team/marpit,2018-03-18 04:13:47+09:00,4.16,MiB
KyberNetwork/kyber-tracker,2018-02-26 15:32:05+07:00,13.14,MiB
botfront/rasa-webchat,2017-07-26 11:04:34-03:00,7.86,MiB
SymphonyPlatformSolutions/symphony-api-client-node,2018-03-16 15:17:24+01:00,796.31,KiB
iguazio/dashboard-controls,2018-03-15 10:37:49+02:00,13.67,MiB
CodeforKarlsruhe/direktvermarkter,,-1,
wordpress-mobile/gutenberg-mobile,,-1,
king-prawns/webpack5-starter-kit,2018-03-12 09:10:28+01:00,4.21,MiB
MyScienceWork/PolarisOS,2017-10-02 16:31:47+02:00,35.79,MiB
HackYourFuture/JavaScript3,2016-10-12 17:59:04+02:00,15.96,MiB
connectome-neuprint/neuPrintExplorer,2018-03-10 13:32:06-05:00,48.87,MiB
haiwen/seafile-js,2018-03-10 17:34:54+08:00,1.36,MiB
ghostery/ghostery-extension,2018-03-07 16:42:25-05:00,32.24,MiB
kirjavascript/nibblrjr,2018-03-06 23:53:06+00:00,9.93,MiB
lykmapipo/express-common,2018-03-07 20:08:53+03:00,1.46,MiB
electron/dependent-repos,2018-03-04 13:14:32-08:00,913.13,MiB
biuuu/BLHXFY,2018-03-03 15:20:23+08:00,65.63,MiB
eBay/ebayui-core,2018-02-28 21:55:03-08:00,113.60,MiB
DevExpress/devextreme-react,2018-02-27 10:52:19+03:00,8.40,MiB
minimit/xtendui,2018-02-24 11:52:04+01:00,432.71,MiB
Frontify/sketch,2018-02-23 11:26:02+01:00,4.54,MiB
DataBiosphere/terra-ui,2018-02-23 14:35:26-05:00,364.06,MiB
Hacker0x01/docs.hackerone.com,2018-02-21 10:05:00-08:00,292.49,MiB
flussonic/mse-player,2018-02-21 21:34:05+05:00,1.87,MiB
uwcirg/tb-mobile-app,2018-02-21 15:05:17-08:00,37.69,MiB
nmxiaowei/avue,2018-12-02 21:32:22+08:00,156.97,MiB
pinterest/gestalt,2018-02-16 14:42:32-08:00,45.84,MiB
ICIJ/datashare-client,2018-02-15 16:51:15+01:00,117.45,MiB
evgeny-nadymov/telegram-react,2018-02-21 23:47:50+03:00,641.66,MiB
poanetwork/tokenbridge-contracts,2018-02-12 21:11:21-08:00,7.73,MiB
fakob/MoviePrint_v004,2015-05-18 17:54:22+08:00,21.52,MiB
rexrainbow/phaser3-rex-notes,2018-02-12 12:14:56+08:00,437.11,MiB
navgurukul/chanakya,2018-02-11 13:08:46+05:30,16.14,MiB
UKHomeOffice/asl-schema,2018-02-09 14:09:10+00:00,2.69,MiB
inkline/inkline,2018-02-07 14:58:42+02:00,100.96,MiB
rei/rei-cedar-docs,2018-02-06 11:24:14-08:00,139.02,MiB
byu-oit/openapi-enforcer,2018-02-05 16:04:31-07:00,4.36,MiB
kccd/nkc,2017-10-12 17:07:17+08:00,189.51,MiB
orbiting/backends,2017-07-24 12:41:16+02:00,16.70,MiB
AresMUSH/ares-webportal,2017-12-26 20:24:14-05:00,7.31,MiB
AdguardTeam/FiltersRegistry,2018-02-02 19:54:06+07:00,5.39,GiB
ooni/explorer,2017-04-02 12:32:32+00:00,6.58,MiB
gardener/dashboard,2018-01-23 15:01:05+01:00,278.09,MiB
IUSCA/SQAN,2015-06-30 15:04:40+00:00,5.04,MiB
VizierDB/web-ui,2018-01-22 16:03:49-05:00,19.63,MiB
ManageIQ/manageiq-v2v,2018-01-20 20:33:36-05:00,22.12,MiB
osmlab/maproulette3,2018-01-23 20:24:09-08:00,21.92,MiB
WebThingsIO/zigbee-adapter,2017-04-28 10:02:33-07:00,1.32,MiB
ebshimizu/stats-of-the-storm,2018-01-13 13:38:40-05:00,32.80,MiB
infor-design/design-system,2018-01-12 10:35:41-05:00,64.46,MiB
lbryio/lbry-redux,2018-01-11 12:54:20+01:00,3.39,MiB
mrvautin/expressCart,2018-01-06 19:55:48+01:00,9.15,MiB
ethereum/ethereum-org-website,2018-01-05 23:54:37-06:00,521.04,MiB
water-fountains/datablue,2018-01-06 18:02:39+01:00,2.03,MiB
gfxfundamentals/threejsfundamentals,2018-01-04 13:33:34+09:00,136.09,MiB
jhipster/prettier-java,2018-01-07 22:05:55-08:00,7.01,MiB
pass-culture/pass-culture-browser,2018-01-03 15:33:27+01:00,55.81,MiB
ACM-UCI/ACM-UCI-Website,2018-01-01 17:37:50-08:00,75.99,MiB
immerjs/immer,2017-12-29 13:25:48+01:00,6.00,MiB
keepassxreboot/keepassxc-browser,2017-03-27 07:28:17+03:00,4.53,MiB
react-navigation/react-navigation.github.io,2017-12-27 14:25:31-08:00,237.15,MiB
Paturages/chorus,2017-12-26 02:43:54+01:00,43.32,MiB
seleb/bitsy-hacks,2017-12-23 20:06:52-05:00,15.26,MiB
Criptext/Criptext-Email-React-Client,2017-12-19 11:14:25-05:00,20.73,MiB
danhumphrey/page-modeller,2017-12-20 09:48:30+11:00,10.18,MiB
Esri/calcite-react,2017-12-18 08:27:54-07:00,6.93,MiB
SAPConversationalAI/Webchat,2017-11-15 16:17:15+01:00,9.80,MiB
codeforequity-at/botium-core,2017-12-13 09:54:19+01:00,4.67,MiB
makerdao/dai.js,2017-08-24 21:44:41+02:00,12.16,MiB
obniz/obniz,2017-12-08 11:39:13+09:00,174.60,MiB
ngageoint/opensphere,2017-12-06 14:43:51-08:00,32.96,MiB
xizon/uix-kit,2017-12-05 22:28:55+08:00,106.29,MiB
senti-iot/senti-console,2017-12-05 13:00:55+01:00,18.32,MiB
azu/ecmascript-proposals-json,2017-12-05 00:50:52+09:00,7.16,MiB
biocodellc/geome-ui,2015-06-16 21:48:35+02:00,8.54,MiB
angrykoala/wendigo,2017-11-30 16:07:48+01:00,2.23,MiB
axa-ch/patterns-library,2017-10-31 15:02:26+01:00,73.47,MiB
FUB-HCC/IKON-projektor,2017-11-30 11:29:37+01:00,52.57,MiB
30-seconds/30-seconds-of-code,2017-11-29 19:35:03+02:00,608.67,MiB
AdExNetwork/adex-platform,2017-08-21 11:49:22+03:00,127.06,MiB
ErikVerheul/OneBacklog,2018-12-21 17:33:59+01:00,10.78,MiB
imshuffling/davidrich.es,2017-11-25 19:06:20+00:00,16.21,MiB
koumoul-dev/data-fair,2017-11-24 23:19:00+01:00,87.00,MiB
optimistdigital/create-frontend,2017-11-23 10:43:01+02:00,3.39,MiB
final-form/react-final-form,2017-11-22 23:26:42+01:00,7.07,MiB
maticnetwork/contracts,2017-11-22 15:07:08+05:30,13.00,MiB
json-editor/json-editor,2013-11-24 17:30:00-08:00,7.56,MiB
elastic/apm-agent-rum-js,2017-11-20 14:54:59+01:00,8.64,MiB
EdgeVerve/oe-workflow,2017-10-11 15:16:12+05:30,1.23,MiB
cityofaustin/janis,2017-11-16 16:45:31-06:00,35.12,MiB
brave/brave-browser,2016-11-09 13:23:09-07:00,24.15,MiB
go-faast/faast-web,2017-11-09 17:49:24-05:00,143.15,MiB
appbaseio/reactivecore,2017-11-08 21:48:55+05:30,1.16,MiB
fluid-project/sjrk-story-telling,2017-07-25 14:22:12-04:00,20.83,MiB
IFRCGo/go-frontend,2017-11-05 19:13:26+01:00,21.33,MiB
gregnb/mui-datatables,2017-12-18 07:10:03-05:00,6.70,MiB
konecnyna/slack-cat,2017-11-22 15:28:43-05:00,8.97,MiB
finos/perspective,2017-11-02 16:27:55+00:00,201.68,MiB
LiskHQ/lisk-desktop,2016-05-29 14:07:11-03:00,145.91,MiB
abetomo/google-drive-cleaner,2017-11-03 08:55:24+09:00,1.22,MiB
samtecspg/articulate,2017-09-19 12:41:51-06:00,44.84,MiB
Nodics/nodics,2017-10-13 10:49:53+00:00,6.50,MiB
qmk/qmk_configurator,2017-10-19 22:18:19-04:00,26.43,MiB
CarPalFleet/JavaScript-SDK,2017-10-20 09:19:11+08:00,2.83,MiB
OrangeXC/gank,2017-10-19 15:34:46+08:00,3.49,MiB
protofire/solhint,2017-09-11 22:29:43+03:00,2.89,MiB
Yuvaleros/material-ui-dropzone,2017-10-16 14:50:16+03:00,5.94,MiB
emazzotta/lighthouse-badges,2017-10-10 23:57:31+02:00,5.91,MiB
dpc-sdp/ripple,2018-03-28 10:41:25+11:00,23.86,MiB
pqina/filepond,2017-10-20 14:48:25+02:00,4.44,MiB
surveyjs/custom-widgets,2017-10-09 15:46:24+03:00,1.50,MiB
ooni/probe-desktop,2017-09-22 22:29:19+02:00,7.74,MiB
kids-first/kf-portal-ui,2017-11-06 10:16:27-05:00,33.90,MiB
mozilla/hubs,2017-09-25 19:25:06-07:00,226.48,MiB
sparkdesignsystem/spark-design-system,2016-08-10 18:22:53-04:00,70.30,MiB
getodk/central-frontend,2017-09-28 00:05:59-04:00,13.70,MiB
BuildFire/placesPlugin2,2017-09-26 14:38:39-07:00,2.69,MiB
benetech/MathShare,2017-07-18 22:51:40-07:00,27.67,MiB
decred/politeiagui,2017-09-15 13:00:48-05:00,18.03,MiB
getodk/central-backend,2017-09-20 10:10:43-07:00,6.24,MiB
BrightID/BrightID,2017-09-13 10:00:15-07:00,68.35,MiB
zebrunner/stf,2014-01-06 16:30:15+09:00,117.19,MiB
ChildMindInstitute/mindlogger-app,2017-09-13 09:44:19-04:00,96.66,MiB
DeveloperCielo/developercielo.github.io,2017-09-12 13:19:06-03:00,405.56,MiB
react-static/react-static,2017-09-08 09:14:35-06:00,37.40,MiB
mattermost/mattermost-webapp,2016-03-16 18:02:55-04:00,482.53,MiB
mdbootstrap/React-Bootstrap-with-Material-Design,2017-09-12 14:51:12+02:00,11.55,MiB
ging/fiware-idm,2017-09-07 12:33:20+02:00,17.36,MiB
wojtekmaj/react-date-picker,2017-09-05 23:04:25+02:00,6.89,MiB
rescapes/ramda,2017-09-04 10:51:56-07:00,1.11,MiB
wulkanowy/fake-log,2017-09-02 21:16:48+02:00,961.46,KiB
social-media-testdrive/truman_testdrive,2013-11-13 09:24:12-08:00,486.63,MiB
AliceO2Group/WebUi,2017-08-30 15:54:09+02:00,14.62,MiB
alliance-genome/agr_ui,2017-03-05 17:44:25-05:00,26.58,MiB
jumpalottahigh/blog.georgi-yanev.com,2017-08-20 23:32:50+03:00,257.78,MiB
sencha/ext-angular,2017-08-17 16:41:28-04:00,201.81,MiB
elifesciences/elife-xpub,2017-08-16 14:26:54+01:00,15.75,MiB
OpenNeuroOrg/openneuro,2015-05-14 10:26:49-07:00,66.87,MiB
parcel-bundler/parcel,2017-08-05 09:59:37-07:00,42.53,MiB
anlix-io/flashman,2017-07-24 02:45:24+00:00,48.18,MiB
HamishMW/portfolio,2017-08-03 15:05:05+10:00,279.30,MiB
tighten/ziggy,2017-08-03 22:42:25-04:00,2.82,MiB
redsolution/xabber-web,2017-08-11 17:19:38+05:00,176.86,MiB
invinst/CPDBv2_mobile,2016-05-31 10:46:10+07:00,6.12,MiB
tulios/kafkajs,2017-06-18 09:26:14+02:00,12.49,MiB
Giveth/feathers-giveth,2017-07-30 20:39:48-07:00,10.83,MiB
alibaba/funcraft,2017-07-31 15:12:41+08:00,21.35,MiB
Giveth/giveth-dapp,2017-08-01 15:00:25+02:00,14.11,MiB
segmentio/evergreen,2017-07-29 18:15:41-07:00,227.42,MiB
michaeldzjap/react-signature-pad-wrapper,2017-07-29 20:12:57+02:00,6.41,MiB
salesforce/lwc,2016-08-03 23:41:01-07:00,38.41,MiB
wojtekmaj/react-calendar,2017-07-27 22:53:15+02:00,6.90,MiB
brave-intl/bat-ledger,2017-07-26 05:52:56-07:00,6.66,MiB
lidaof/eg-react,2017-07-11 14:52:18-05:00,298.26,MiB
urbica/react-map-gl,2017-07-25 16:35:18+03:00,27.67,MiB
orbiting/publikator-frontend,2017-07-24 15:20:38+02:00,15.62,MiB
okta/okta-oidc-js,2017-07-21 11:06:40-07:00,22.39,MiB
StatEngine/stat-engine,2017-07-21 16:09:02-04:00,38.48,MiB
LLK/scratch-l10n,2017-07-20 15:22:35-04:00,37.60,MiB
MyEtherWallet/ethereum-lists,2017-07-18 00:51:35-07:00,956.16,MiB
priceline/design-system,2017-07-17 19:21:17-04:00,127.85,MiB
Shyam-Chen/Vue-Starter,2017-07-14 21:31:13+08:00,6.00,MiB
smartface/sf-extension-utils,2017-07-12 10:57:41+03:00,2.36,MiB
folio-org/ui-eholdings,2017-07-05 15:37:27-04:00,12.07,MiB
cerner/terra-toolkit,2017-06-29 10:18:37-05:00,33.56,MiB
CityOfZion/neon-wallet,2017-06-27 22:08:37-07:00,117.87,MiB
developersdo/opensource,2017-06-22 23:11:07-04:00,38.58,MiB
r-spacex/SpaceX-API,2017-06-19 14:04:24-05:00,17.41,MiB
wesbos/Syntax,2017-06-20 12:53:56-04:00,187.50,MiB
openpracticelibrary/openpracticelibrary,2017-04-20 14:20:26-06:00,598.17,MiB
tengge1/ShadowEditor,2017-06-18 22:18:09+08:00,79.30,MiB
reasonml/reasonml.github.io,2017-07-08 11:21:14-06:00,120.22,MiB
usdot-its-jpo-data-portal/datahub-ui,2017-09-07 14:52:50-04:00,68.61,MiB
InsideSalesOfficial/insidesales-components,2017-06-13 10:17:31-06:00,5.90,MiB
AssemblyScript/binaryen.js,2017-06-12 21:29:40+02:00,2.56,GiB
vergecurrency/vergecurrency.com,2018-01-20 10:31:24+00:00,357.90,MiB
Scrivito/scrivito_example_app_js,2018-01-26 21:53:08+01:00,11.63,MiB
broadinstitute/gnomad-browser,2016-10-27 11:27:11-04:00,34.81,MiB
vtex/address-form,2017-06-12 16:14:39-03:00,4.72,MiB
luangjokaj/wordpressify,2017-06-05 15:07:43+02:00,21.56,MiB
newsuk/times-components,2017-06-01 20:22:10+01:00,371.94,MiB
telldus/telldus-live-mobile-v3,2016-08-01 09:03:41+02:00,56.01,MiB
abetomo/node-ss2json,2017-05-30 11:05:40+09:00,1.75,MiB
kaltura/playkit-js-ui,2017-05-29 16:18:58+03:00,12.11,MiB
dvaJi/ReaderFront,2017-01-08 15:22:25-03:00,15.49,MiB
emotion-js/emotion,2017-05-26 22:36:06-06:00,23.22,MiB
internet4000/radio4000,2014-04-30 14:24:44-07:00,52.84,MiB
Integreat/integreat-webapp,2017-05-22 08:52:43+02:00,20.14,MiB
whawker/react-jsx-highcharts,2017-05-21 15:09:04+01:00,5.09,MiB
tradle/mycloud,2017-06-01 14:27:34-04:00,42.89,MiB
TeamFleet/WhoCallsTheFleet-Pics,2017-05-21 07:39:20+08:00,3.96,GiB
cmux/koot,2017-07-03 18:54:20+08:00,17.43,MiB
resource-watch/resource-watch,2017-05-17 16:25:13+02:00,102.83,MiB
unep-grid/map-x-mgl,2017-03-26 18:21:45+02:00,97.78,MiB
ifanrx/hydrogen-js-sdk,2017-05-12 16:01:41+08:00,5.63,MiB
SparkPost/matchbox,2017-05-11 17:06:59-04:00,47.49,MiB
gemini-testing/html-reporter,2017-05-10 13:41:08+03:00,12.05,MiB
lyrgard/ffbeEquip,2017-05-09 13:18:28+02:00,412.96,MiB
w3c/validate-repos,2017-05-05 18:24:23+02:00,57.87,MiB
alexlitel/congresstweets-automator,2017-06-19 01:39:49-07:00,2.52,MiB
omnisci/mapd-charting,2015-02-04 15:16:15-08:00,115.26,MiB
amyjko/faculty,2017-04-29 15:23:27-07:00,715.54,MiB
qgrid/ng2,2017-04-28 13:59:19+03:00,177.15,MiB
FuelRats/fuelrats.com,2017-04-26 21:14:43-05:00,67.05,MiB
viewstools/morph,2017-04-28 20:38:00+01:00,6.59,MiB
paypal/fullstack-phone,2014-04-19 21:17:11-07:00,2.27,MiB
moodlebox/moodlebox.net,2017-04-25 20:06:18+02:00,96.84,MiB
WhoTargetsMe/Who-Targets-Me,2017-04-21 18:35:19+01:00,7.26,MiB
paradite/hn-ratio,2017-04-21 23:35:54+08:00,10.12,MiB
vtex/styleguide,2017-12-21 17:20:21-02:00,83.55,MiB
Photosynq/PhotosynQ-Documentation,2017-04-18 12:57:25-04:00,50.00,MiB
brainstormforce/astra,2017-04-17 11:45:25+05:30,265.04,MiB
psono/psono-client,2015-09-26 20:01:11+02:00,15.09,MiB
JiHong88/SunEditor,2017-04-13 18:13:58+09:00,59.54,MiB
nodefony/nodefony,2017-04-11 12:27:31+02:00,95.18,MiB
City-of-Helsinki/mvj-ui,2017-04-11 11:46:35+03:00,11.19,MiB
styled-components/styled-components-website,2017-04-05 06:14:57+01:00,86.28,MiB
im6/javascript-fun,2017-04-06 22:20:20-04:00,3.20,MiB
evaera/RoVer,2017-04-04 07:15:22-04:00,1.01,MiB
mapbox/osmcha-frontend,2017-04-04 10:40:26+05:30,140.89,MiB
instacart/Snacks,2017-04-05 11:09:43-07:00,18.03,MiB
Xi-Plus/twinkle,2011-03-05 22:40:40+01:00,7.41,MiB
TarikHuber/react-most-wanted,2017-03-31 08:32:37+02:00,34.02,MiB
opensupports/opensupports,2015-08-15 20:47:51-03:00,7.67,MiB
stiftelsen-effekt/effekt-backend,2017-03-30 16:53:19+02:00,7.92,MiB
danielcaldas/react-d3-graph,2017-03-28 20:30:49+01:00,31.80,MiB
pastelsky/bundlephobia,2017-03-27 23:00:02+05:30,9.05,MiB
appbaseio/playground,2017-03-26 19:26:40+05:30,10.76,MiB
matthewberryman/midsomerplots,2017-03-26 12:14:31+11:00,993.58,KiB
lingochen/wings3d,2017-03-23 12:54:03+00:00,4.25,MiB
carbon-design-system/carbon,2015-06-10 11:26:15-05:00,2.34,GiB
mattermost/mattermost-redux,2017-03-15 20:59:35-03:00,8.36,MiB
silverstripe/silverstripe-admin,2017-03-01 14:08:50+13:00,43.89,MiB
topcoder-platform/community-app,2017-03-09 10:52:33-08:00,153.65,MiB
TobitSoftware/chayns-components,2017-03-09 11:15:54+01:00,38.82,MiB
jumpserver/luna,2017-08-30 14:25:45+08:00,13.07,MiB
pilas-engine/pilas-engine,2017-02-26 01:17:12-03:00,78.98,MiB
jaegertracing/jaeger-ui,2017-03-24 16:52:43-04:00,11.80,MiB
qiuwww/blog,2017-02-22 16:09:17+08:00,465.08,MiB
owncloud/guests,2015-09-18 17:19:42+02:00,1.63,MiB
cwrc/CWRC-WriterBase,2017-02-16 12:14:51+11:00,8.42,MiB
appbaseio/reactivesearch,2017-08-06 14:40:02+05:30,349.83,MiB
Datawheel/canon,2017-02-13 15:17:05-05:00,23.36,MiB
vanda/vam-fractal,2017-02-10 14:57:39+00:00,9.74,MiB
CMSgov/design-system,2017-02-03 17:39:03-05:00,1.57,GiB
idyll-lang/idyll,2017-02-02 16:36:33-08:00,60.54,MiB
kaltura/playkit-js,2017-01-30 11:22:52+02:00,52.16,MiB
ben-eb/caniuse-lite,2017-01-27 15:32:36+00:00,59.18,MiB
Backendless/Console-SDK,2016-11-23 12:53:58+02:00,1.71,MiB
youzan/vant-weapp,2016-12-19 16:30:17+08:00,21.34,MiB
Inist-CNRS/lodex,2017-01-19 09:42:38+01:00,63.01,MiB
microsoft/pxt-blockly,2013-10-30 14:46:03-07:00,116.98,MiB
Talend/ui,2016-08-08 11:50:15+02:00,79.28,MiB
lbryio/lbry-desktop,2016-03-14 18:05:24-04:00,79.76,MiB
gathercontent/gather-ui,2017-01-16 10:43:33+01:00,22.22,MiB
Kilian/electron-to-chromium,2017-01-14 23:58:28+01:00,3.15,MiB
goodjoblife/GoodJobShare,2017-01-15 00:33:20+08:00,4.55,MiB
iou90/react-native-autoheight-webview,2017-01-09 17:28:12+08:00,2.83,MiB
synzen/MonitoRSS,2017-01-08 17:05:33-05:00,37.55,MiB
vlocityinc/vlocity_build,2017-01-06 10:05:44-08:00,24.78,MiB
gladly-team/tab,2017-01-04 16:20:26-08:00,54.69,MiB
treadpit/wx_calendar,2017-01-04 16:55:33+08:00,3.06,MiB
stellarterm/stellarterm,2016-12-31 21:24:39-08:00,11.93,MiB
linuxmint/cinnamon-spices-applets,2016-12-31 14:25:05+00:00,103.14,MiB
openscope/openscope,2014-08-15 22:18:35-07:00,60.51,MiB
joshhunt/destinySets,2017-01-02 11:55:04+11:00,10.31,MiB
ckeditor/ckeditor5-dev,2016-12-29 11:18:16+01:00,8.50,MiB
serverless-operations/serverless-step-functions,2016-12-28 17:40:10+09:00,5.35,MiB
TeamFleet/WhoCallsTheFleet-Yuubari,2016-12-29 04:01:19+08:00,2.98,GiB
sehugg/8bitworkshop,2016-12-15 19:56:58-05:00,64.91,MiB
C0deboy/jaki-jezyk-programowania,2016-12-15 17:55:24+01:00,23.99,MiB
facebook/metro,2015-01-29 17:10:49-08:00,35.16,MiB
gobuffalo/docs,2016-12-12 11:55:50-05:00,79.94,MiB
mozilla/multi-account-containers,2016-12-01 11:52:55-08:00,3.87,MiB
nodejs/security-wg,2016-11-30 02:19:28+11:00,2.21,MiB
gchq/CyberChef,2016-11-28 10:42:58+00:00,87.69,MiB
ember-animation/ember-animated,2014-07-04 14:34:48-04:00,25.47,MiB
quantastica/quantum-circuit,2016-11-28 10:49:33+01:00,156.90,MiB
photonstorm/phaser3-examples,2016-11-23 14:15:45+00:00,1.62,GiB
EdgeApp/edge-react-gui,2016-11-24 19:35:13+08:00,185.25,MiB
lskjs/lskjs,2016-11-22 13:10:35+04:00,74.60,MiB
elix/elix,2016-11-21 10:51:55-08:00,21.93,MiB
invinst/CPDBv2_frontend,2016-04-20 17:31:16+07:00,18.11,MiB
openhab/openhab-alexa,2016-11-18 20:58:44+01:00,2.78,MiB
speckleworks/SpeckleServer,2016-11-17 16:03:09+00:00,1.89,MiB
qgis/qwc2-demo-app,2016-11-16 18:26:58+01:00,6.01,MiB
Tencent/wepy,2016-11-14 16:07:27+08:00,9.42,MiB
decred/decrediton,2016-11-11 05:58:32-05:00,109.57,MiB
screeps/engine,2016-11-09 11:02:17+03:00,1.03,MiB
oznu/dns-zone-blacklist,2016-11-08 22:20:47+11:00,346.75,MiB
newmips/newmips,2016-12-22 09:49:13+01:00,23.54,MiB
F5Networks/f5-cloud-libs,2016-06-24 14:20:29-07:00,4.03,GiB
KhalisFoundation/sttm-web,2016-11-01 09:21:42+09:00,31.50,MiB
mcneilco/acas,2016-10-28 15:39:01-07:00,49.42,MiB
ForestAdmin/lumber,2016-10-23 16:57:25-07:00,7.75,MiB
Js41637/Overwatch-Item-Tracker,2016-10-26 15:12:23+11:00,1.75,GiB
timelapseplus/VIEW,2016-10-25 16:32:19-05:00,104.56,MiB
lskjs/ux,2016-10-25 15:54:07+04:00,56.48,MiB
tannerlinsley/react-table,2016-10-20 11:25:08-06:00,21.18,MiB
prescottprue/react-redux-firebase,2016-07-23 13:48:37-07:00,23.36,MiB
JetBrains/youtrack-mobile,2015-07-07 18:43:05+01:00,57.63,MiB
AusDTO/dto-digitalmarketplace-frontend,2016-10-12 10:59:09+11:00,6.94,MiB
dougmoscrop/serverless-http,2016-10-06 20:21:30-04:00,2.65,MiB
PubMatic/OpenWrap,2016-09-20 14:58:09+05:30,20.84,MiB
input-output-hk/daedalus,2016-10-05 15:48:55+02:00,250.18,MiB
wellcomecollection/wellcomecollection.org,2016-10-04 11:29:51+01:00,69.76,MiB
osbuild/cockpit-composer,2016-10-03 09:07:08-04:00,22.67,MiB
FrankerFaceZ/FrankerFaceZ,2014-03-27 22:44:11-04:00,10.39,MiB
oVirt/ovirt-web-ui,2016-09-26 14:58:22+02:00,8.94,MiB
tocco/tocco-client,2016-04-22 09:34:48+02:00,23.92,MiB
alphagov/govuk-frontend,2017-05-16 15:53:26+01:00,81.37,MiB
codaxy/cxjs,2016-09-14 10:43:27+02:00,12.98,MiB
mendix/docs,2016-09-28 14:55:35+02:00,1.74,GiB
throneteki/throneteki,2016-09-14 11:24:18+01:00,21.54,MiB
Tradeshift/tradeshift-ui,2016-09-15 16:16:35+02:00,35.16,MiB
cloudify-cosmo/cloudify-stage,2016-08-30 12:01:41+03:00,123.80,MiB
hyperledger/blockchain-explorer,2016-08-12 21:43:10+00:00,166.63,MiB
firewalla/firewalla,2016-09-11 10:24:15-07:00,153.81,MiB
HSLdevcom/hsl-map-publisher,2016-09-09 16:43:55+03:00,17.20,MiB
enactjs/enact,2016-09-07 17:14:51-07:00,38.30,MiB
zone-eu/zone-mta,2016-07-31 19:12:37+03:00,1.85,MiB
serverless/blog,2016-08-31 20:16:35-07:00,4.75,MiB
electron/apps,2016-08-31 13:47:13-07:00,1.20,GiB
collectionspace/cspace-ui.js,2016-08-29 12:45:24-07:00,10.64,MiB
UNICEF01/busca-ativa-escolar-web,2016-08-29 17:16:36-03:00,50.94,MiB
moaazsidat/react-native-qrcode-scanner,2016-08-22 19:12:50-04:00,427.92,KiB
byteball/ocore,2016-08-14 16:49:24+03:00,5.18,MiB
wulkano/Kap,2016-08-10 21:37:09+02:00,24.16,MiB
serverless/plugins,2016-08-08 14:40:32+02:00,1.22,MiB
AGProjects/sylk-webrtc,2015-09-01 13:05:44+00:00,11.89,MiB
optimizely/javascript-sdk,2016-07-26 14:24:03-07:00,8.27,MiB
WFCD/warframe-worldstate-data,2016-07-25 11:14:27-05:00,16.32,MiB
chteuchteu/MaterialDesignIcons-Picker,2016-07-22 21:26:27+02:00,6.46,MiB
plantinformatics/pretzel,2016-04-12 10:07:31+10:00,22.30,MiB
programmfabrik/coffeescript-ui,2016-07-04 10:52:59+02:00,48.73,MiB
facebook/create-react-app,2016-07-18 15:17:49-07:00,25.29,MiB
janis91/ocr,2016-07-14 10:47:45+02:00,3.65,MiB
iguanaChart/iguanacharts,2016-07-14 16:56:05+03:00,6.83,MiB
zenmoney/ZenPlugins,2016-07-13 11:25:02+03:00,6.46,MiB
CruGlobal/give-web,2016-07-12 12:48:51-07:00,19.28,MiB
hovancik/stretchly,2016-07-10 21:01:00+02:00,70.75,MiB
microsoft/BotFramework-WebChat,2016-06-23 11:10:20-07:00,193.80,MiB
apache/echarts-doc,2015-12-16 14:18:57+08:00,241.60,MiB
cedardevs/onestop,2016-04-15 11:54:12-06:00,170.11,MiB
tidepool-org/viz,2016-07-13 01:37:34-07:00,13.72,MiB
craftercms/studio-ui,2014-10-31 20:56:41-04:00,98.44,MiB
contentful/extensions,2016-07-05 14:30:11+02:00,50.36,MiB
participedia/api,2016-07-03 12:26:58-07:00,30.57,MiB
appirio-tech/connect-app,2016-07-01 15:03:07+05:30,25.95,MiB
cast-org/figuration,2016-07-01 13:45:10-04:00,47.09,MiB
webpack/webpack.js.org,2016-06-24 20:34:05-04:00,1.82,GiB
OpenBazaar/openbazaar-desktop,2016-06-21 10:34:20-04:00,52.90,MiB
Thorium-Sim/thorium,2016-06-20 23:02:17-06:00,211.04,MiB
thm-projects/arsnova-flashcards,2015-08-23 22:32:46+02:00,115.47,MiB
18F/fedramp-dashboard,2016-06-14 08:45:22-04:00,67.85,MiB
Techtonica/curriculum,2016-06-10 18:44:51-07:00,26.42,MiB
sketch-hq/SketchAPI,2016-06-09 15:14:54+01:00,10.21,MiB
betaflight/betaflight-configurator,2013-04-08 08:28:53-07:00,73.21,MiB
microsoft/monaco-editor,2016-06-07 09:56:32-07:00,128.29,MiB
jupyterlab/jupyterlab,2015-07-23 12:07:31-07:00,226.36,MiB
TheScienceMuseum/collectionsonline,2016-06-03 13:46:51+01:00,47.20,MiB
EdgeApp/edge-core-js,2016-06-02 16:07:09-07:00,6.16,MiB
fenneclab/hugo-bin,2016-05-31 02:44:50+09:00,1.05,MiB
beakerbrowser/beaker,2016-05-25 16:52:39-05:00,43.52,MiB
outline/outline,2016-02-27 13:53:11-08:00,47.23,MiB
GPII/gpii-app,2015-12-22 20:10:06-05:00,6.14,MiB
portainer/portainer,2013-06-08 15:12:14-09:00,76.12,MiB
steemit/condenser,2016-07-28 09:58:41-04:00,24.77,MiB
GlobalFishingWatch/map-client,2016-05-19 09:07:05+02:00,84.16,MiB
mapcentia/vidi,2016-05-18 13:23:59+02:00,61.86,MiB
nuxeo/doc.nuxeo.com,2016-07-29 18:25:30-04:00,26.93,MiB
zulip/zulip-mobile,2016-05-07 22:46:38-07:00,43.68,MiB
orbitdb/orbit-db-store,2016-05-07 10:11:21+02:00,4.12,MiB
luminati-io/luminati-proxy,2016-04-13 12:34:06-04:00,253.25,MiB
processing/p5.js-web-editor,2016-05-03 00:09:16-04:00,34.87,MiB
iNavFlight/inav-configurator,2013-04-08 08:28:53-07:00,60.04,MiB
Kong/insomnia,2016-03-15 22:49:42-07:00,120.83,MiB
nextstrain/auspice,2016-04-22 12:57:58-07:00,19.39,MiB
Expensify/expensify-common,2016-04-21 22:01:39+02:00,4.68,MiB
origo-map/origo,2016-04-20 09:06:46+02:00,25.87,MiB
SynBioHub/synbiohub,2016-04-26 13:01:26+01:00,89.95,MiB
ezpaarse-project/ezmesure,2016-04-14 17:49:07+02:00,15.66,MiB
higlass/higlass,2016-01-08 01:15:21+01:00,197.07,MiB
ethereum/remix,2016-04-11 11:05:04+02:00,17.72,MiB
foxdonut/meiosis,2016-04-09 11:50:19-04:00,40.55,MiB
ExploreConsulting/netsuite-fasttrack-toolkit-ss2,2016-04-07 20:12:25-07:00,13.73,MiB
ubergrape/grape-web-client,2014-01-13 15:48:22+01:00,48.18,MiB
betaflight/blackbox-log-viewer,2015-01-02 13:02:02+13:00,157.67,MiB
github/eslint-plugin-github,2016-03-28 15:23:18-07:00,2.05,MiB
Xtraball/Siberian,2017-11-09 16:38:28+01:00,8.71,GiB
FooSoft/yomichan,2016-03-16 20:33:15-07:00,83.54,MiB
orbitdb/ipfs-log,2016-03-17 10:35:56+01:00,14.60,MiB
ibi-group/datatools-ui,2016-03-17 09:58:40-04:00,52.33,MiB
dcos/dcos-website,2016-03-14 14:00:00-07:00,321.58,MiB
jhipster/jhipster-core,2016-03-09 20:18:00+01:00,5.77,MiB
BoostIO/Boostnote,2015-05-26 17:05:00+09:00,20.28,MiB
ShelterTechSF/askdarcel-web,2016-03-21 19:29:26-07:00,22.00,MiB
tsitu/MH-Tools,2016-02-28 01:21:39-08:00,10.52,MiB
cjdev/visual-stack,2016-03-01 16:37:47-08:00,11.12,MiB
mathcoll/t6,2016-02-27 13:42:22+01:00,91.71,MiB
trendscenter/coinstac,2016-02-24 20:55:05-08:00,431.93,MiB
Qbix/Platform,2016-02-21 18:11:05-05:00,201.91,MiB
dherault/serverless-offline,2016-02-17 09:01:47+01:00,53.07,MiB
qooxdoo/qooxdoo-compiler,2016-02-13 19:23:08+00:00,24.70,MiB
ManageIQ/manageiq-ui-service,2015-07-30 14:11:07-05:00,18.22,MiB
inlife/nexrender,2016-02-10 20:24:40+02:00,7.46,MiB
react-atomic/react-atomic-organism,2016-02-01 05:42:21+00:00,24.39,MiB
davidmerfield/Blot,2016-01-28 17:04:05-08:00,3.15,GiB
mjmlio/mjml,2016-01-28 15:43:22+01:00,10.69,MiB
jitsi/lib-jitsi-meet,2016-01-27 19:05:17-06:00,16.43,MiB
artf/grapesjs,2016-01-15 14:28:17+01:00,102.28,MiB
ncbi/icn3d,2016-01-19 13:44:12-05:00,335.43,MiB
gbif/portal16,2016-01-18 15:54:04+01:00,49.89,MiB
okonet/lint-staged,2016-01-15 08:51:21+01:00,5.65,MiB
comindware/core-ui,2015-05-21 16:07:33+03:00,118.16,MiB
tinode/tinode-js,2016-01-07 18:13:22-08:00,24.95,MiB
tinode/webapp,2015-12-31 15:03:22-08:00,94.51,MiB
xiaoqiang-zhao/my-cellar,2015-12-31 16:20:23+08:00,210.78,MiB
kitspace/kitspace,2015-05-21 19:03:44+01:00,26.54,MiB
rjsf-team/react-jsonschema-form,2015-12-16 16:16:14+01:00,247.40,MiB
visgl/deck.gl,2015-12-17 10:12:46-08:00,520.99,MiB
i18next/react-i18next,2015-12-12 13:52:11+01:00,13.11,MiB
imba/imba.io,2015-12-10 20:26:06+01:00,17.46,MiB
SAPDocuments/Tutorials,2016-01-07 21:19:03-05:00,4.77,GiB
FelixHenninger/lab.js,2015-12-08 15:14:06+01:00,21.46,MiB
entrylabs/entry-hw,2015-12-02 17:20:48+09:00,424.12,MiB
fedspendingtransparency/data-act-broker-web-app,2015-12-02 12:41:07-05:00,15.91,MiB
moment/luxon,2015-11-30 07:50:28-05:00,95.42,MiB
tudvari/dockerfile-generator,2015-11-10 23:04:07+01:00,840.24,KiB
pangolinjs/core,2015-11-28 08:01:30+01:00,14.38,MiB
CoorpAcademy/components,2015-12-01 21:52:09+01:00,37.07,MiB
okta/okta-signin-widget,2015-11-18 14:02:40-08:00,117.53,MiB
ComPlat/chemotion_ELN,2015-06-18 13:53:07+02:00,37.82,MiB
transloadit/uppy,2015-11-16 13:32:34+01:00,381.88,MiB
suxxes/abroadunderhood,2015-11-16 20:31:17+03:00,589.77,MiB
FrontEndHappyHour/frontendhappyhour.github.io,2015-11-14 09:23:10-08:00,46.02,MiB
makeomatic/ms-users,2015-11-09 20:44:30+03:00,5.77,MiB
sensorsdata/sa-sdk-javascript,2015-11-06 14:03:56+08:00,12.31,MiB
StataBS/indikatoren,2015-11-06 14:32:59+01:00,204.69,MiB
TheSench/SIMSpellstone,2015-11-02 08:47:28-05:00,1.29,GiB
Adslot/adslot-ui,2015-10-29 13:51:12+11:00,77.01,MiB
owncloud/contacts,2015-10-26 11:29:01+01:00,3.57,MiB
olifolkerd/tabulator,2015-10-24 14:28:31+01:00,65.30,MiB
biud436/MV,2015-10-17 03:22:42+09:00,296.22,MiB
remoteintech/remote-jobs,2015-10-12 20:49:25-07:00,3.72,MiB
OHIF/Viewers,2015-10-13 10:57:37+02:00,267.64,MiB
CANDY-LINE/candy-red,2015-10-11 17:01:22+09:00,3.70,MiB
formio/formio,2015-10-11 13:56:55-05:00,10.32,MiB
o2team/o2team.github.io,2016-07-20 18:07:44+08:00,20.62,MiB
pfitzpaddy/ngm-reportHub,2015-09-10 18:07:07+04:30,73.09,MiB
mattermost/desktop,2015-10-06 22:35:26+09:00,36.45,MiB
digidem/mapeo-mobile,2019-02-22 12:36:48+00:00,95.64,MiB
visgl/react-map-gl,2015-10-07 18:27:07-07:00,31.96,MiB
twreporter/twreporter-react,2015-10-07 17:12:39+08:00,168.30,MiB
quasarframework/quasar,2015-10-05 18:45:36+03:00,329.17,MiB
AMPATH/etl-rest-server,2015-04-20 11:34:17+03:00,9.85,MiB
cibernox/ember-power-select,2015-09-24 08:17:36+01:00,12.99,MiB
iTowns/itowns,2015-09-24 15:34:46+02:00,78.47,MiB
single-spa/single-spa,2015-09-22 00:35:50-06:00,7.36,MiB
First-Peoples-Cultural-Council/fv-web-ui,2015-06-11 11:42:05-07:00,140.00,MiB
silverstripe/silverstripe-asset-admin,2016-01-22 10:56:46+13:00,14.63,MiB
flow-typed/flow-typed,2015-09-17 21:51:49-06:00,13.67,MiB
camunda/camunda-modeler,2015-09-18 11:45:21+02:00,42.38,MiB
davidmintz/court-interpreters-office,2015-09-08 11:57:22-04:00,26.97,MiB
sugarlabs/musicblocks,2015-06-01 03:52:16+05:30,216.87,MiB
MetaMask/metamask-extension,2015-07-31 18:38:02-07:00,367.99,MiB
salesforce-ux/design-system,2015-09-04 17:20:14-04:00,50.37,MiB
Viglino/ol-ext,2015-08-29 17:39:32+02:00,101.72,MiB
mParticle/mparticle-web-sdk,2015-08-28 11:07:10-04:00,7.11,MiB
jquense/react-big-calendar,2015-08-21 22:56:16-04:00,64.51,MiB
kuzzleio/kuzzle,2015-04-03 09:41:07+02:00,36.52,MiB
facebook/relay,2015-08-11 12:22:53-07:00,5.00,GiB
kuzzleio/sdk-javascript,2015-05-29 12:32:43+02:00,38.47,MiB
guardian/facia-tool,2012-02-20 14:00:57+00:00,364.61,MiB
redux-form/redux-form,2015-07-31 18:07:43+02:00,10.42,MiB
informatics-isi-edu/ermrestjs,2015-07-24 20:05:59-07:00,8.06,MiB
ProjectSidewalk/SidewalkWebpage,2015-07-17 17:05:55-04:00,1.03,GiB
prebid/Prebid.js,2015-07-19 18:27:36-04:00,68.93,MiB
reduxjs/react-redux,2015-07-11 22:04:10+03:00,8.95,MiB
Opentrons/opentrons,2015-07-06 16:34:39-04:00,311.90,MiB
FormidableLabs/spectacle,2015-06-27 18:07:27-04:00,112.09,MiB
trufflesuite/truffle,2015-06-23 13:44:23-07:00,184.25,MiB
aquasecurity/cloudsploit,2015-06-29 11:35:00-04:00,22.68,MiB
naptha/tesseract.js,2015-06-26 14:54:30-07:00,106.54,MiB
ssbc/patchwork,2016-10-27 16:07:41+13:00,22.40,MiB
mesosphere/reactjs-components,2015-06-23 17:01:45+02:00,5.68,MiB
processing/p5.js-website,2015-06-22 15:45:14-04:00,447.61,MiB
entrylabs/entryjs,2015-06-22 13:05:07+09:00,547.64,MiB
ngageoint/hootenanny-ui,2012-07-11 06:20:04-07:00,237.01,MiB
catarse/catarse.js,2015-06-12 17:05:08-04:00,125.87,MiB
matrix-org/matrix-react-sdk,2015-06-09 17:40:42+01:00,299.74,MiB
bids-standard/bids-validator,2015-06-09 15:08:27-07:00,32.60,MiB
hyperledger/burrow,2015-06-08 23:14:25+02:00,46.33,MiB
rtfeldman/node-test-runner,2015-06-07 12:48:23-07:00,8.40,MiB
nasa/openmct,2014-10-27 17:45:54-07:00,81.45,MiB
Tencent/omi,2015-05-31 22:23:21+08:00,145.87,MiB
wfp/ui,2015-01-26 17:30:45+00:00,67.98,MiB
baukh789/GridManager,2015-05-22 16:51:26+08:00,10.11,MiB
RocketChat/Rocket.Chat,2015-05-19 04:36:09-03:00,789.37,MiB
tradle/tim,2015-05-15 21:48:08-04:00,228.80,MiB
ow2-proactive/studio,2013-10-01 15:29:42+02:00,80.60,MiB
rollup/rollup,2015-05-14 18:25:51-04:00,28.20,MiB
UDA-EJIE/udaRUP,2015-05-11 09:25:03+02:00,112.91,MiB
FreeFeed/freefeed-server,2015-03-10 13:21:52+03:00,18.06,MiB
particle-iot/docs,2013-10-15 16:53:32-05:00,2.41,GiB
Vincit/objection.js,2015-04-14 13:36:51+03:00,21.84,MiB
LedgerHQ/ledgerjs,2015-04-14 19:16:09+02:00,31.09,MiB
codefresh-io/cli,2015-04-12 23:28:40+03:00,23.44,MiB
stellar/js-stellar-sdk,2015-04-10 10:32:44-07:00,14.21,MiB
Caltech-IPAC/firefly,2013-01-17 10:22:45-08:00,257.64,MiB
zestia/ember-twitter-entities,2015-04-04 16:20:11+01:00,4.94,MiB
department-of-veterans-affairs/vets-website,2015-03-31 14:35:18-04:00,269.45,MiB
grommet/grommet,2015-03-17 10:58:14-07:00,316.33,MiB
TeamFleet/WhoCallsTheFleet,2015-03-15 15:14:46+08:00,6.37,GiB
avwo/whistle,2015-03-13 13:42:01+08:00,72.90,MiB
CoderDojo/cp-zen-platform,2015-03-13 15:44:49+00:00,13.64,MiB
AdguardTeam/AdguardBrowserExtension,2015-03-11 13:42:52+03:00,149.79,MiB
aurelia/cli,2015-03-11 11:06:23-04:00,3.81,MiB
matrix-org/matrix-js-sdk,2015-03-04 13:37:04+00:00,212.25,MiB
ChromeDevTools/debugger-protocol-viewer,2015-03-02 13:01:46-08:00,10.94,MiB
trezor/connect,2018-03-02 11:47:22+01:00,36.08,MiB
ONSdigital/florence,2015-02-16 13:40:38+00:00,634.36,MiB
thoughtworks/tramchester,2015-02-04 12:29:56+00:00,500.48,MiB
inventaire/inventaire,2014-06-10 20:52:51+02:00,12.02,MiB
streamr-dev/streamr-client-javascript,2015-01-27 23:24:18+02:00,7.22,MiB
CometVisu/CometVisu,2010-10-26 17:21:23+00:00,478.37,MiB
ofrohn/d3-celestial,2015-01-11 00:10:31+01:00,194.58,MiB
bookbrainz/bookbrainz-site,2014-11-15 16:52:28+00:00,36.78,MiB
Flexberry/ember-flexberry,2015-04-06 19:12:20+05:00,54.94,MiB
rancher/ui,2014-12-17 14:19:03-07:00,68.17,MiB
irislib/iris-lib,2014-12-13 18:16:08+02:00,17.19,MiB
aurelia/framework,2014-12-10 14:22:29-05:00,2.92,MiB
react-materialize/react-materialize,2014-12-04 14:36:00+01:00,21.23,MiB
rapidpro/rapidpro,2014-11-24 14:32:48-05:00,275.63,MiB
congrea/virtualclass,2014-11-18 11:41:48+05:30,107.77,MiB
odf/webGavrog,2014-11-15 19:09:26+11:00,3.33,MiB
shadowsocks/shadowsocks-manager,2014-11-14 22:48:08+08:00,16.03,MiB
thabz/Kalliope,2001-01-02 13:15:09+00:00,1.08,GiB
alan-wu/ZincJS,2014-11-13 16:01:47+13:00,49.84,MiB
babel/website,2014-11-09 19:33:54+11:00,29.59,MiB
cla-assistant/cla-assistant,2014-11-05 10:06:16+01:00,11.07,MiB
mermaid-js/mermaid,2014-11-02 00:52:32+01:00,221.55,MiB
lhncbc/lforms,2014-10-21 16:52:47-04:00,16.51,MiB
StraboSpot/strabo-mobile,2014-10-22 15:10:39-07:00,55.38,MiB
netlify/cli,2014-10-10 17:43:43-07:00,174.97,MiB
leancloud/docs,2014-10-11 15:14:37+08:00,80.79,MiB
date-fns/date-fns,2014-10-06 15:57:23+04:00,21.66,MiB
ChainSafe/web3.js,2014-09-30 22:51:53+02:00,128.96,MiB
Kloudless/file-picker,2014-09-23 00:52:13-07:00,7.78,MiB
openstax/tutor-js,2014-07-24 11:57:42-04:00,62.13,MiB
noobaa/noobaa-core,2014-09-11 17:14:32+03:00,68.05,MiB
joyent/sdcadm,2014-01-30 16:43:03-08:00,5.09,MiB
joyent/sdc-manta,2014-08-28 21:19:41+00:00,1.70,MiB
JedWatson/react-select,2014-08-26 14:27:45+10:00,19.65,MiB
griffithlab/civic-client,2014-08-06 12:45:18-05:00,29.20,MiB
aredotna/ervell,2014-08-01 13:33:26-04:00,58.36,MiB
kenrick95/twinkle,2011-03-05 22:40:40+01:00,4.52,MiB
gaearon/react-hot-loader,2014-07-13 06:28:37+04:00,9.35,MiB
SVG-Edit/svgedit,2009-02-06 08:41:23+00:00,114.73,MiB
ONRR/doi-extractives-data,2015-04-10 10:49:43-07:00,504.69,MiB
ctrlo/GADS,2014-07-08 15:11:53+01:00,32.37,MiB
linagora/openpaas-esn,2013-12-23 12:38:59+01:00,39.19,MiB
epochtalk/epochtalk,2014-01-20 00:39:46-08:00,19.60,MiB
binary-com/binary-static,2016-05-23 15:56:56+08:00,3.45,GiB
Hacker0x01/react-datepicker,2014-06-22 00:34:13-07:00,67.83,MiB
lamassu/lamassu-machine,2014-06-17 15:07:39-04:00,56.84,MiB
ezpaarse-project/ezpaarse-platforms,2014-05-19 09:02:51-07:00,105.50,MiB
isaacphysics/isaac-app,2014-05-19 15:04:52+01:00,33.48,MiB
inventaire/inventaire-client,2014-05-18 12:05:09+02:00,18.45,MiB
eclipsesource/tabris-js,2014-05-13 23:09:40+02:00,30.10,MiB
playcanvas/engine,2011-10-24 16:23:18+01:00,169.29,MiB
codevise/pageflow,2014-05-05 09:08:50+02:00,27.38,MiB
swagger-api/swagger-editor,2014-05-02 13:54:06-07:00,1.05,GiB
brownplt/code.pyret.org,2014-04-27 18:58:30-04:00,12.13,MiB
avalanche-canada/ac-web,2013-02-14 12:43:11-08:00,36.07,MiB
cornerstonejs/cornerstoneTools,2014-04-03 08:30:55-07:00,65.63,MiB
NorthwoodsSoftware/GoJS,2014-04-02 14:27:34-04:00,104.55,MiB
jwplayer/jwplayer,2012-04-16 10:09:28+00:00,92.74,MiB
oskariorg/oskari-docs,2014-01-27 14:08:18+02:00,102.83,MiB
adsabs/bumblebee,2014-02-21 20:27:35-05:00,48.64,MiB
mWater/mwater-forms,2014-02-19 08:45:17-05:00,7.98,MiB
RunestoneInteractive/RunestoneComponents,2014-02-18 07:17:34-08:00,38.40,MiB
cure53/DOMPurify,2014-02-17 13:48:14-08:00,7.66,MiB
overleaf/web,2007-03-01 16:53:59+11:00,80.82,MiB
overleaf/document-updater,2014-02-12 10:40:42+00:00,2.41,MiB
openaddresses/openaddresses,2014-02-06 16:11:21-06:00,18.95,MiB
wikimedia/mediawiki-extensions-Popups,2014-02-06 11:01:39+01:00,14.65,MiB
LearningLocker/learninglocker,2014-01-29 07:20:14-08:00,23.24,MiB
nrenner/brouter-web,2014-01-27 09:26:05-08:00,15.50,MiB
dondi/GRNsight,2014-01-23 21:16:11-08:00,336.03,MiB
OpenKnowledgeMaps/Headstart,2014-01-15 05:52:50-08:00,55.24,MiB
tidepool-org/blip,2014-01-03 16:50:26+01:00,63.40,MiB
eslint/website,2014-01-12 09:14:02-08:00,32.86,MiB
vuejs/vuejs.org,2014-01-04 01:52:46-05:00,51.92,MiB
CalderaWP/Caldera-Forms,2014-01-05 02:25:58-08:00,103.53,MiB
SortableJS/Sortable,2013-12-19 14:11:38+04:00,2.60,MiB
bitpay/bitcore,2013-07-04 12:55:19-07:00,110.68,MiB
jitsi/jitsi-meet,2013-12-16 02:32:07-08:00,257.85,MiB
paulrosen/abcjs,2009-12-13 16:45:59+00:00,60.79,MiB
devinit/D-Portal,2013-12-23 10:39:06+00:00,341.10,MiB
vuejs/vue-router,2016-07-05 23:49:36-04:00,11.00,MiB
SAP/openui5,2014-10-09 16:03:34+02:00,959.40,MiB
cleanflight/cleanflight-configurator,2013-04-08 08:28:53-07:00,36.31,MiB
DanmarksAdresser/Dawa,2013-08-14 11:03:43+02:00,49.50,MiB
jhipster/jhipster.github.io,2013-11-29 01:28:26+01:00,200.72,MiB
wikimedia/oojs-ui,2011-11-02 20:58:56+00:00,17.01,MiB
OpenUserJS/OpenUserJS.org,2013-11-06 13:34:20-08:00,9.32,MiB
cockpit-project/cockpit,2013-11-01 13:42:29-04:00,168.74,MiB
jhipster/generator-jhipster,2013-10-21 13:07:22-07:00,153.72,MiB
bbc/peaks.js,2013-10-14 05:53:33-07:00,95.42,MiB
brion/ogv.js,2013-05-27 21:29:35-07:00,16.87,MiB
ionic-team/ionic-site,2013-09-30 11:40:51-05:00,1.38,GiB
riot/riot,2013-09-27 08:21:26+03:00,22.30,MiB
node-red/node-red-nodes,2013-09-26 22:01:23+01:00,4.18,MiB
enketo/enketo-core,2013-09-11 09:35:44-07:00,15.66,MiB
raineorshine/npm-check-updates,2013-09-06 18:36:04-07:00,5.91,MiB
violentmonkey/violentmonkey,2013-09-03 16:39:51+08:00,15.60,MiB
sitespeedio/browsertime,2013-08-22 16:01:37+02:00,124.34,MiB
openglobus/openglobus,2013-09-04 23:54:37-07:00,123.33,MiB
glennjones/hapi-swagger,2013-08-05 12:13:10+01:00,8.57,MiB
vuejs/vue,2016-04-10 22:47:28-04:00,32.81,MiB
ShieldBattery/ShieldBattery,2013-04-05 01:18:10-07:00,246.41,MiB
sandialabs/slycat,2013-07-12 09:03:44-06:00,368.25,MiB
OptimalBits/bull,2013-06-27 07:35:35-07:00,4.05,MiB
satorumurmur/bibi,2013-06-18 22:27:51-07:00,8.15,MiB
toggl/toggl-button,2013-06-03 13:40:10+03:00,11.58,MiB
opengaming/osgameclones,2011-06-01 11:20:17+03:00,5.60,MiB
facebook/react,2013-05-29 12:54:02-07:00,349.45,MiB
chartjs/Chart.js,2013-03-17 23:57:50+00:00,42.73,MiB
mapbox/mapbox-gl-js,2013-06-26 19:20:45-04:00,440.34,MiB
processing/p5.js,2013-02-25 19:14:47-08:00,83.50,MiB
mbloch/mapshaper,2013-02-19 16:08:09-05:00,127.86,MiB
twilio/twilio-node,2010-10-26 20:20:56-06:00,44.24,MiB
pombase/canto,2010-07-07 11:35:05+01:00,46.36,MiB
mar10/fancytree,2012-03-27 23:53:36+02:00,14.47,MiB
11ways/hawkejs,2013-01-20 15:50:49+02:00,2.11,MiB
peter-murray/node-hue-api,2013-01-04 17:56:58+00:00,1.63,MiB
rollbar/rollbar.js,2012-12-12 12:00:02-08:00,15.00,MiB
zotero/web-library,2012-11-30 14:08:32-08:00,25.36,MiB
ckeditor/ckeditor4-docs,2012-11-23 13:01:34+01:00,41.93,MiB
ably/ably-js,2014-09-18 14:22:15+01:00,24.25,MiB
2600hz/monster-ui,2012-10-05 18:09:03-07:00,33.85,MiB
VulcanJS/Vulcan,2012-08-22 21:27:22-04:00,23.83,MiB
oskariorg/oskari-frontend,2012-08-08 14:45:23+03:00,149.39,MiB
wikimedia/jquery.uls,2012-08-03 12:24:04+05:30,3.61,MiB
PrismJS/prism,2012-07-10 22:48:14+03:00,14.34,MiB
arkime/arkime,2012-07-06 12:12:26-04:00,49.68,MiB
insideout10/wordlift-plugin,2011-06-12 16:37:26+00:00,334.00,MiB
sendgrid/docs,2009-10-18 16:43:12-05:00,273.94,MiB
Pelican-Elegant/elegant,2012-05-25 10:33:51-07:00,10.76,MiB
compiler-explorer/compiler-explorer,2012-05-22 21:07:40-05:00,63.35,MiB
scalableminds/webknossos,2011-10-03 12:48:50-07:00,671.14,MiB
GPII/windows,2012-03-07 19:24:41-07:00,58.42,MiB
firefox-devtools/profiler,2016-01-26 11:08:35+01:00,57.48,MiB
itteco/iframely,2012-02-21 14:02:50-05:00,12.22,MiB
thomaspark/bootswatch,2012-02-06 23:32:56-05:00,84.60,MiB
atom/atom,2011-08-18 21:11:59-07:00,328.20,MiB
twigjs/twig.js,2011-09-26 22:12:57-04:00,11.72,MiB
jpalardy/home,2011-10-02 22:18:47-04:00,3.20,MiB
stripe/stripe-node,2011-09-27 17:27:46-07:00,10.55,MiB
CartoDB/Windshaft-cartodb,2013-04-15 13:05:16+02:00,39.37,MiB
recurly/recurly-js,2014-03-29 08:57:01+02:00,18.15,MiB
Patternslib/Patterns,2011-07-18 15:10:45+02:00,59.76,MiB
spencermountain/compromise,2011-07-12 13:34:23+01:00,56.29,MiB
CartoDB/CartoDB-SQL-API,2011-06-09 10:38:06+01:00,9.52,MiB
mozilla/pdf.js,2011-04-26 15:32:35+09:00,134.51,MiB
wikimedia-gadgets/twinkle,2011-03-05 22:40:40+01:00,9.16,MiB
brianc/node-postgres,2010-09-28 22:09:21-05:00,4.36,MiB
RobinHerbots/Inputmask,2010-09-30 22:33:58+02:00,63.20,MiB
Automattic/mongoose,2010-04-06 17:43:02-04:00,115.03,MiB
mrdoob/three.js,2010-03-23 19:03:00+00:00,1.22,GiB
qooxdoo/qooxdoo,2005-01-28 15:10:28+00:00,266.48,MiB
log4js-node/log4js-node,2010-01-17 12:08:28+11:00,4.04,MiB
Modernizr/Modernizr,2009-09-24 19:28:05-04:00,19.63,MiB
clientIO/joint,2009-09-11 13:19:27+02:00,46.77,MiB
ai/sitnik.ru,2009-02-22 21:22:17+03:00,4.97,MiB
GMOD/jbrowse,2007-06-18 07:55:53-07:00,69.06,MiB
